"PDF相对路径","章节目录","PDF页码","页数","证据方式","提取字符数","关联知识点","关联题目编号","关联题目数量","覆盖状态"
"第一章/1-1/2e368a9a-05c8-4d84-abb8-701e58e919aa.pdf","第一章","1","30","PDF文本层","37","附件题目 · 基础知识","101、102、103、151、152、181","6","仅关键词候选，未逐题证实"
"第一章/1-1/2e368a9a-05c8-4d84-abb8-701e58e919aa.pdf","第一章","2","30","PDF文本层","227","","","0","本页无已关联题目；不等于知识点已覆盖"
"第一章/1-1/2e368a9a-05c8-4d84-abb8-701e58e919aa.pdf","第一章","3","30","PDF文本层","101","","","0","本页无已关联题目；不等于知识点已覆盖"
"第一章/1-1/2e368a9a-05c8-4d84-abb8-701e58e919aa.pdf","第一章","4","30","PDF文本层","235","","","0","本页无已关联题目；不等于知识点已覆盖"
"第一章/1-1/2e368a9a-05c8-4d84-abb8-701e58e919aa.pdf","第一章","5","30","PDF文本层","230","","","0","本页无已关联题目；不等于知识点已覆盖"
"第一章/1-1/2e368a9a-05c8-4d84-abb8-701e58e919aa.pdf","第一章","6","30","PDF文本层","224","","","0","本页无已关联题目；不等于知识点已覆盖"
"第一章/1-1/2e368a9a-05c8-4d84-abb8-701e58e919aa.pdf","第一章","7","30","PDF文本层","287","人工智能产业发展","104、153、182","3","仅关键词候选，未逐题证实"
"第一章/1-1/2e368a9a-05c8-4d84-abb8-701e58e919aa.pdf","第一章","8","30","PDF文本层","78","","","0","本页无已关联题目；不等于知识点已覆盖"
"第一章/1-1/2e368a9a-05c8-4d84-abb8-701e58e919aa.pdf","第一章","9","30","PDF文本层","282","深度学习","203、243、268","3","仅关键词候选，未逐题证实"
"第一章/1-1/2e368a9a-05c8-4d84-abb8-701e58e919aa.pdf","第一章","10","30","PDF文本层","156","","","0","本页无已关联题目；不等于知识点已覆盖"
"第一章/1-1/2e368a9a-05c8-4d84-abb8-701e58e919aa.pdf","第一章","11","30","PDF文本层","324","人工智能产业发展","104、153、182","3","仅关键词候选，未逐题证实"
"第一章/1-1/2e368a9a-05c8-4d84-abb8-701e58e919aa.pdf","第一章","12","30","PDF文本层","244","","","0","本页无已关联题目；不等于知识点已覆盖"
"第一章/1-1/2e368a9a-05c8-4d84-abb8-701e58e919aa.pdf","第一章","13","30","PDF文本层","67","","","0","本页无已关联题目；不等于知识点已覆盖"
"第一章/1-1/2e368a9a-05c8-4d84-abb8-701e58e919aa.pdf","第一章","14","30","PDF文本层","262","","","0","本页无已关联题目；不等于知识点已覆盖"
"第一章/1-1/2e368a9a-05c8-4d84-abb8-701e58e919aa.pdf","第一章","15","30","PDF文本层","256","","","0","本页无已关联题目；不等于知识点已覆盖"
"第一章/1-1/2e368a9a-05c8-4d84-abb8-701e58e919aa.pdf","第一章","16","30","PDF文本层","133","","","0","本页无已关联题目；不等于知识点已覆盖"
"第一章/1-1/2e368a9a-05c8-4d84-abb8-701e58e919aa.pdf","第一章","17","30","PDF文本层","153","","","0","本页无已关联题目；不等于知识点已覆盖"
"第一章/1-1/2e368a9a-05c8-4d84-abb8-701e58e919aa.pdf","第一章","18","30","PDF文本层","45","","","0","本页无已关联题目；不等于知识点已覆盖"
"第一章/1-1/2e368a9a-05c8-4d84-abb8-701e58e919aa.pdf","第一章","19","30","PDF文本层","344","","","0","本页无已关联题目；不等于知识点已覆盖"
"第一章/1-1/2e368a9a-05c8-4d84-abb8-701e58e919aa.pdf","第一章","20","30","PDF文本层","275","","","0","本页无已关联题目；不等于知识点已覆盖"
"第一章/1-1/2e368a9a-05c8-4d84-abb8-701e58e919aa.pdf","第一章","21","30","PDF文本层","41","","","0","本页无已关联题目；不等于知识点已覆盖"
"第一章/1-1/2e368a9a-05c8-4d84-abb8-701e58e919aa.pdf","第一章","22","30","PDF文本层","531","科技伦理基本原则；人工智能伦理风险评估；公平性分群评估；硬件性能指标","1、2、21、22、34、35、36、149、274","9","仅关键词候选，未逐题证实"
"第一章/1-1/2e368a9a-05c8-4d84-abb8-701e58e919aa.pdf","第一章","23","30","PDF文本层","579","科技伦理基本原则；人工智能伦理风险评估；公平性分群评估","1、2、21、22、34、35、36","7","仅关键词候选，未逐题证实"
"第一章/1-1/2e368a9a-05c8-4d84-abb8-701e58e919aa.pdf","第一章","24","30","PDF文本层","72","","","0","本页无已关联题目；不等于知识点已覆盖"
"第一章/1-1/2e368a9a-05c8-4d84-abb8-701e58e919aa.pdf","第一章","25","30","PDF文本层","295","","","0","本页无已关联题目；不等于知识点已覆盖"
"第一章/1-1/2e368a9a-05c8-4d84-abb8-701e58e919aa.pdf","第一章","26","30","PDF文本层","420","科技伦理基本原则；人工智能伦理风险评估；社会责任与人类福祉；公平性分群评估","1、2、9、21、22、34、35、36","8","仅关键词候选，未逐题证实"
"第一章/1-1/2e368a9a-05c8-4d84-abb8-701e58e919aa.pdf","第一章","27","30","PDF文本层","542","人工智能伦理风险评估；公平性分群评估","2、22、35、36","4","仅关键词候选，未逐题证实"
"第一章/1-1/2e368a9a-05c8-4d84-abb8-701e58e919aa.pdf","第一章","28","30","PDF文本层","250","","","0","本页无已关联题目；不等于知识点已覆盖"
"第一章/1-1/2e368a9a-05c8-4d84-abb8-701e58e919aa.pdf","第一章","29","30","PDF文本层","352","产品交付流程","521、532、581、619","4","仅关键词候选，未逐题证实"
"第一章/1-1/2e368a9a-05c8-4d84-abb8-701e58e919aa.pdf","第一章","30","30","PDF文本层","42","","","0","本页无已关联题目；不等于知识点已覆盖"
"第一章/1-1/5565b27e-ce76-464c-97f7-224186cffcba.pdf","第一章","1","11","PDF文本层","7","","","0","本页无已关联题目；不等于知识点已覆盖"
"第一章/1-1/5565b27e-ce76-464c-97f7-224186cffcba.pdf","第一章","2","11","PDF文本层","35","","","0","本页无已关联题目；不等于知识点已覆盖"
"第一章/1-1/5565b27e-ce76-464c-97f7-224186cffcba.pdf","第一章","3","11","PDF文本层","150","","","0","本页无已关联题目；不等于知识点已覆盖"
"第一章/1-1/5565b27e-ce76-464c-97f7-224186cffcba.pdf","第一章","4","11","PDF文本层","45","","","0","本页无已关联题目；不等于知识点已覆盖"
"第一章/1-1/5565b27e-ce76-464c-97f7-224186cffcba.pdf","第一章","5","11","PDF文本层","515","序列建模；监督学习、无监督学习与强化学习；循环神经网络与 Transformer","190、202、205、242、245、267","6","仅关键词候选，未逐题证实"
"第一章/1-1/5565b27e-ce76-464c-97f7-224186cffcba.pdf","第一章","6","11","PDF文本层","318","","","0","本页无已关联题目；不等于知识点已覆盖"
"第一章/1-1/5565b27e-ce76-464c-97f7-224186cffcba.pdf","第一章","7","11","PDF文本层","426","科技伦理基本原则；人工智能伦理风险评估；社会责任与人类福祉；公平性分群评估","1、2、9、21、22、34、35、36","8","仅关键词候选，未逐题证实"
"第一章/1-1/5565b27e-ce76-464c-97f7-224186cffcba.pdf","第一章","8","11","PDF文本层","208","","","0","本页无已关联题目；不等于知识点已覆盖"
"第一章/1-1/5565b27e-ce76-464c-97f7-224186cffcba.pdf","第一章","9","11","PDF文本层","344","","","0","本页无已关联题目；不等于知识点已覆盖"
"第一章/1-1/5565b27e-ce76-464c-97f7-224186cffcba.pdf","第一章","10","11","PDF文本层","275","","","0","本页无已关联题目；不等于知识点已覆盖"
"第一章/1-1/5565b27e-ce76-464c-97f7-224186cffcba.pdf","第一章","11","11","PDF文本层","42","","","0","本页无已关联题目；不等于知识点已覆盖"
"第一章/1-1/6440a34a-8a58-4a15-bc91-775a8b789f90.pdf","第一章","1","12","PDF文本层","7","","","0","本页无已关联题目；不等于知识点已覆盖"
"第一章/1-1/6440a34a-8a58-4a15-bc91-775a8b789f90.pdf","第一章","2","12","PDF文本层","38","","","0","本页无已关联题目；不等于知识点已覆盖"
"第一章/1-1/6440a34a-8a58-4a15-bc91-775a8b789f90.pdf","第一章","3","12","PDF文本层","531","科技伦理基本原则；人工智能伦理风险评估；公平性分群评估；硬件性能指标","1、2、21、22、34、35、36、149、274","9","仅关键词候选，未逐题证实"
"第一章/1-1/6440a34a-8a58-4a15-bc91-775a8b789f90.pdf","第一章","4","12","PDF文本层","528","科技伦理基本原则；人工智能伦理风险评估；公平性分群评估","1、2、21、22、34、35、36","7","仅关键词候选，未逐题证实"
"第一章/1-1/6440a34a-8a58-4a15-bc91-775a8b789f90.pdf","第一章","5","12","PDF文本层","87","人工智能伦理风险评估；公平性分群评估","2、22、35、36","4","仅关键词候选，未逐题证实"
"第一章/1-1/6440a34a-8a58-4a15-bc91-775a8b789f90.pdf","第一章","6","12","PDF文本层","428","","","0","本页无已关联题目；不等于知识点已覆盖"
"第一章/1-1/6440a34a-8a58-4a15-bc91-775a8b789f90.pdf","第一章","7","12","PDF文本层","254","","","0","本页无已关联题目；不等于知识点已覆盖"
"第一章/1-1/6440a34a-8a58-4a15-bc91-775a8b789f90.pdf","第一章","8","12","PDF文本层","420","科技伦理基本原则；人工智能伦理风险评估；社会责任与人类福祉；公平性分群评估","1、2、9、21、22、34、35、36","8","仅关键词候选，未逐题证实"
"第一章/1-1/6440a34a-8a58-4a15-bc91-775a8b789f90.pdf","第一章","9","12","PDF文本层","542","人工智能伦理风险评估；公平性分群评估","2、22、35、36","4","仅关键词候选，未逐题证实"
"第一章/1-1/6440a34a-8a58-4a15-bc91-775a8b789f90.pdf","第一章","10","12","PDF文本层","250","","","0","本页无已关联题目；不等于知识点已覆盖"
"第一章/1-1/6440a34a-8a58-4a15-bc91-775a8b789f90.pdf","第一章","11","12","PDF文本层","352","产品交付流程","521、532、581、619","4","仅关键词候选，未逐题证实"
"第一章/1-1/6440a34a-8a58-4a15-bc91-775a8b789f90.pdf","第一章","12","12","PDF文本层","42","","","0","本页无已关联题目；不等于知识点已覆盖"
"第一章/1-2/3750e703-d567-4bcb-b986-27581d569de8.pdf","第一章","1","20","PDF文本层","7","附件题目 · 基础知识","101、102、103、151、152、181","6","仅关键词候选，未逐题证实"
"第一章/1-2/3750e703-d567-4bcb-b986-27581d569de8.pdf","第一章","2","20","PDF文本层","138","假设检验","58、81、138、189","4","仅关键词候选，未逐题证实"
"第一章/1-2/3750e703-d567-4bcb-b986-27581d569de8.pdf","第一章","3","20","PDF文本层","203","","","0","本页无已关联题目；不等于知识点已覆盖"
"第一章/1-2/3750e703-d567-4bcb-b986-27581d569de8.pdf","第一章","4","20","PDF文本层","8","","","0","本页无已关联题目；不等于知识点已覆盖"
"第一章/1-2/3750e703-d567-4bcb-b986-27581d569de8.pdf","第一章","5","20","PDF文本层","12","","","0","本页无已关联题目；不等于知识点已覆盖"
"第一章/1-2/3750e703-d567-4bcb-b986-27581d569de8.pdf","第一章","6","20","PDF文本层","12","","","0","本页无已关联题目；不等于知识点已覆盖"
"第一章/1-2/3750e703-d567-4bcb-b986-27581d569de8.pdf","第一章","7","20","PDF文本层","12","","","0","本页无已关联题目；不等于知识点已覆盖"
"第一章/1-2/3750e703-d567-4bcb-b986-27581d569de8.pdf","第一章","8","20","PDF文本层","12","","","0","本页无已关联题目；不等于知识点已覆盖"
"第一章/1-2/3750e703-d567-4bcb-b986-27581d569de8.pdf","第一章","9","20","PDF文本层","12","","","0","本页无已关联题目；不等于知识点已覆盖"
"第一章/1-2/3750e703-d567-4bcb-b986-27581d569de8.pdf","第一章","10","20","PDF文本层","12","","","0","本页无已关联题目；不等于知识点已覆盖"
"第一章/1-2/3750e703-d567-4bcb-b986-27581d569de8.pdf","第一章","11","20","PDF文本层","12","","","0","本页无已关联题目；不等于知识点已覆盖"
"第一章/1-2/3750e703-d567-4bcb-b986-27581d569de8.pdf","第一章","12","20","PDF文本层","7","","","0","本页无已关联题目；不等于知识点已覆盖"
"第一章/1-2/3750e703-d567-4bcb-b986-27581d569de8.pdf","第一章","13","20","PDF文本层","7","","","0","本页无已关联题目；不等于知识点已覆盖"
"第一章/1-2/3750e703-d567-4bcb-b986-27581d569de8.pdf","第一章","14","20","PDF文本层","6","假设检验","58、81、138、189","4","仅关键词候选，未逐题证实"
"第一章/1-2/3750e703-d567-4bcb-b986-27581d569de8.pdf","第一章","15","20","PDF文本层","11","假设检验","58、81、138、189","4","仅关键词候选，未逐题证实"
"第一章/1-2/3750e703-d567-4bcb-b986-27581d569de8.pdf","第一章","16","20","PDF文本层","37","假设检验","58、81、138、189","4","仅关键词候选，未逐题证实"
"第一章/1-2/3750e703-d567-4bcb-b986-27581d569de8.pdf","第一章","17","20","PDF文本层","9","假设检验","58、81、138、189","4","仅关键词候选，未逐题证实"
"第一章/1-2/3750e703-d567-4bcb-b986-27581d569de8.pdf","第一章","18","20","PDF文本层","9","假设检验","58、81、138、189","4","仅关键词候选，未逐题证实"
"第一章/1-2/3750e703-d567-4bcb-b986-27581d569de8.pdf","第一章","19","20","PDF文本层","9","假设检验","58、81、138、189","4","仅关键词候选，未逐题证实"
"第一章/1-2/3750e703-d567-4bcb-b986-27581d569de8.pdf","第一章","20","20","PDF文本层","77","","","0","本页无已关联题目；不等于知识点已覆盖"
"第一章/1-2/42f9cbab-1ecf-4104-bc03-03a5f0cfc52d.pdf","第一章","1","16","PDF文本层","7","附件题目 · 基础知识","101、102、103、151、152、181","6","仅关键词候选，未逐题证实"
"第一章/1-2/42f9cbab-1ecf-4104-bc03-03a5f0cfc52d.pdf","第一章","2","16","PDF文本层","37","附件题目 · 基础知识","101、102、103、151、152、181","6","仅关键词候选，未逐题证实"
"第一章/1-2/42f9cbab-1ecf-4104-bc03-03a5f0cfc52d.pdf","第一章","3","16","PDF文本层","125","假设检验","58、81、138、189","4","仅关键词候选，未逐题证实"
"第一章/1-2/42f9cbab-1ecf-4104-bc03-03a5f0cfc52d.pdf","第一章","4","16","PDF文本层","133","","","0","本页无已关联题目；不等于知识点已覆盖"
"第一章/1-2/42f9cbab-1ecf-4104-bc03-03a5f0cfc52d.pdf","第一章","5","16","PDF文本层","95","","","0","本页无已关联题目；不等于知识点已覆盖"
"第一章/1-2/42f9cbab-1ecf-4104-bc03-03a5f0cfc52d.pdf","第一章","6","16","PDF文本层","89","","","0","本页无已关联题目；不等于知识点已覆盖"
"第一章/1-2/42f9cbab-1ecf-4104-bc03-03a5f0cfc52d.pdf","第一章","7","16","PDF文本层","6","","","0","本页无已关联题目；不等于知识点已覆盖"
"第一章/1-2/42f9cbab-1ecf-4104-bc03-03a5f0cfc52d.pdf","第一章","8","16","PDF文本层","174","","","0","本页无已关联题目；不等于知识点已覆盖"
"第一章/1-2/42f9cbab-1ecf-4104-bc03-03a5f0cfc52d.pdf","第一章","9","16","PDF文本层","66","","","0","本页无已关联题目；不等于知识点已覆盖"
"第一章/1-2/42f9cbab-1ecf-4104-bc03-03a5f0cfc52d.pdf","第一章","10","16","PDF文本层","67","","","0","本页无已关联题目；不等于知识点已覆盖"
"第一章/1-2/42f9cbab-1ecf-4104-bc03-03a5f0cfc52d.pdf","第一章","11","16","PDF文本层","19","","","0","本页无已关联题目；不等于知识点已覆盖"
"第一章/1-2/42f9cbab-1ecf-4104-bc03-03a5f0cfc52d.pdf","第一章","12","16","PDF文本层","34","","","0","本页无已关联题目；不等于知识点已覆盖"
"第一章/1-2/42f9cbab-1ecf-4104-bc03-03a5f0cfc52d.pdf","第一章","13","16","PDF文本层","17","","","0","本页无已关联题目；不等于知识点已覆盖"
"第一章/1-2/42f9cbab-1ecf-4104-bc03-03a5f0cfc52d.pdf","第一章","14","16","PDF文本层","149","","","0","本页无已关联题目；不等于知识点已覆盖"
"第一章/1-2/42f9cbab-1ecf-4104-bc03-03a5f0cfc52d.pdf","第一章","15","16","PDF文本层","27","","","0","本页无已关联题目；不等于知识点已覆盖"
"第一章/1-2/42f9cbab-1ecf-4104-bc03-03a5f0cfc52d.pdf","第一章","16","16","PDF文本层","77","","","0","本页无已关联题目；不等于知识点已覆盖"
"第一章/1-2/a895316d-51cf-48d3-86c7-1084427bc2e2.pdf","第一章","1","26","PDF文本层","35","","","0","本页无已关联题目；不等于知识点已覆盖"
"第一章/1-2/a895316d-51cf-48d3-86c7-1084427bc2e2.pdf","第一章","2","26","PDF文本层","162","软件构造；瀑布模型；迭代增量模型；功能需求","48、64、65、128、178、281、301、314","8","仅关键词候选，未逐题证实"
"第一章/1-2/a895316d-51cf-48d3-86c7-1084427bc2e2.pdf","第一章","3","26","PDF文本层","8","","","0","本页无已关联题目；不等于知识点已覆盖"
"第一章/1-2/a895316d-51cf-48d3-86c7-1084427bc2e2.pdf","第一章","4","26","PDF文本层","162","人工智能产业发展","104、153、182","3","仅关键词候选，未逐题证实"
"第一章/1-2/a895316d-51cf-48d3-86c7-1084427bc2e2.pdf","第一章","5","26","PDF文本层","135","","","0","本页无已关联题目；不等于知识点已覆盖"
"第一章/1-2/a895316d-51cf-48d3-86c7-1084427bc2e2.pdf","第一章","6","26","PDF文本层","138","","","0","本页无已关联题目；不等于知识点已覆盖"
"第一章/1-2/a895316d-51cf-48d3-86c7-1084427bc2e2.pdf","第一章","7","26","PDF文本层","90","编码修正模型","47、127、177","3","仅关键词候选，未逐题证实"
"第一章/1-2/a895316d-51cf-48d3-86c7-1084427bc2e2.pdf","第一章","8","26","PDF文本层","127","瀑布模型","64","1","仅关键词候选，未逐题证实"
"第一章/1-2/a895316d-51cf-48d3-86c7-1084427bc2e2.pdf","第一章","9","26","PDF文本层","172","瀑布模型；迭代增量模型","64、65","2","仅关键词候选，未逐题证实"
"第一章/1-2/a895316d-51cf-48d3-86c7-1084427bc2e2.pdf","第一章","10","26","PDF文本层","251","瀑布模型；迭代增量模型","64、65","2","仅关键词候选，未逐题证实"
"第一章/1-2/a895316d-51cf-48d3-86c7-1084427bc2e2.pdf","第一章","11","26","PDF文本层","6","","","0","本页无已关联题目；不等于知识点已覆盖"
"第一章/1-2/a895316d-51cf-48d3-86c7-1084427bc2e2.pdf","第一章","12","26","PDF文本层","201","功能需求；非功能需求","281、282、301、302、314、318","6","仅关键词候选，未逐题证实"
"第一章/1-2/a895316d-51cf-48d3-86c7-1084427bc2e2.pdf","第一章","13","26","PDF文本层","146","","","0","本页无已关联题目；不等于知识点已覆盖"
"第一章/1-2/a895316d-51cf-48d3-86c7-1084427bc2e2.pdf","第一章","14","26","PDF文本层","276","需求分析方法；用户需求确认","283、303、316、320","4","仅关键词候选，未逐题证实"
"第一章/1-2/a895316d-51cf-48d3-86c7-1084427bc2e2.pdf","第一章","15","26","PDF文本层","6","","","0","本页无已关联题目；不等于知识点已覆盖"
"第一章/1-2/a895316d-51cf-48d3-86c7-1084427bc2e2.pdf","第一章","16","26","PDF文本层","232","","","0","本页无已关联题目；不等于知识点已覆盖"
"第一章/1-2/a895316d-51cf-48d3-86c7-1084427bc2e2.pdf","第一章","17","26","PDF文本层","6","软件构造","48、128、178","3","仅关键词候选，未逐题证实"
"第一章/1-2/a895316d-51cf-48d3-86c7-1084427bc2e2.pdf","第一章","18","26","PDF文本层","111","软件构造","48、128、178","3","仅关键词候选，未逐题证实"
"第一章/1-2/a895316d-51cf-48d3-86c7-1084427bc2e2.pdf","第一章","19","26","PDF文本层","6","","","0","本页无已关联题目；不等于知识点已覆盖"
"第一章/1-2/a895316d-51cf-48d3-86c7-1084427bc2e2.pdf","第一章","20","26","PDF文本层","252","验收测试","523、534、583、621","4","仅关键词候选，未逐题证实"
"第一章/1-2/a895316d-51cf-48d3-86c7-1084427bc2e2.pdf","第一章","21","26","PDF文本层","9","","","0","本页无已关联题目；不等于知识点已覆盖"
"第一章/1-2/a895316d-51cf-48d3-86c7-1084427bc2e2.pdf","第一章","22","26","PDF文本层","179","","","0","本页无已关联题目；不等于知识点已覆盖"
"第一章/1-2/a895316d-51cf-48d3-86c7-1084427bc2e2.pdf","第一章","23","26","PDF文本层","8","","","0","本页无已关联题目；不等于知识点已覆盖"
"第一章/1-2/a895316d-51cf-48d3-86c7-1084427bc2e2.pdf","第一章","24","26","PDF文本层","144","","","0","本页无已关联题目；不等于知识点已覆盖"
"第一章/1-2/a895316d-51cf-48d3-86c7-1084427bc2e2.pdf","第一章","25","26","PDF文本层","277","产品交付流程","521、532、581、619","4","仅关键词候选，未逐题证实"
"第一章/1-2/a895316d-51cf-48d3-86c7-1084427bc2e2.pdf","第一章","26","26","PDF文本层","42","","","0","本页无已关联题目；不等于知识点已覆盖"
"第一章/1-2/cc9fd336-50cd-47a4-af2e-98eb35019759.pdf","第一章","1","12","PDF文本层","7","附件题目 · 基础知识","101、102、103、151、152、181","6","仅关键词候选，未逐题证实"
"第一章/1-2/cc9fd336-50cd-47a4-af2e-98eb35019759.pdf","第一章","2","12","PDF文本层","41","","","0","本页无已关联题目；不等于知识点已覆盖"
"第一章/1-2/cc9fd336-50cd-47a4-af2e-98eb35019759.pdf","第一章","3","12","PDF文本层","4","","","0","本页无已关联题目；不等于知识点已覆盖"
"第一章/1-2/cc9fd336-50cd-47a4-af2e-98eb35019759.pdf","第一章","4","12","PDF文本层","4","","","0","本页无已关联题目；不等于知识点已覆盖"
"第一章/1-2/cc9fd336-50cd-47a4-af2e-98eb35019759.pdf","第一章","5","12","PDF文本层","4","","","0","本页无已关联题目；不等于知识点已覆盖"
"第一章/1-2/cc9fd336-50cd-47a4-af2e-98eb35019759.pdf","第一章","6","12","PDF文本层","4","","","0","本页无已关联题目；不等于知识点已覆盖"
"第一章/1-2/cc9fd336-50cd-47a4-af2e-98eb35019759.pdf","第一章","7","12","PDF文本层","6","人工智能芯片","214","1","仅关键词候选，未逐题证实"
"第一章/1-2/cc9fd336-50cd-47a4-af2e-98eb35019759.pdf","第一章","8","12","PDF文本层","198","人工智能芯片","214","1","仅关键词候选，未逐题证实"
"第一章/1-2/cc9fd336-50cd-47a4-af2e-98eb35019759.pdf","第一章","9","12","PDF文本层","66","","","0","本页无已关联题目；不等于知识点已覆盖"
"第一章/1-2/cc9fd336-50cd-47a4-af2e-98eb35019759.pdf","第一章","10","12","PDF文本层","10","","","0","本页无已关联题目；不等于知识点已覆盖"
"第一章/1-2/cc9fd336-50cd-47a4-af2e-98eb35019759.pdf","第一章","11","12","PDF文本层","10","","","0","本页无已关联题目；不等于知识点已覆盖"
"第一章/1-2/cc9fd336-50cd-47a4-af2e-98eb35019759.pdf","第一章","12","12","PDF文本层","77","","","0","本页无已关联题目；不等于知识点已覆盖"
"第一章/1-2/ef6f91c8-1359-469e-835f-e536c934174b.pdf","第一章","1","28","PDF文本层","37","附件题目 · 基础知识","101、102、103、151、152、181","6","仅关键词候选，未逐题证实"
"第一章/1-2/ef6f91c8-1359-469e-835f-e536c934174b.pdf","第一章","2","28","PDF文本层","96","数据清洗；数据清洗目标","42、122、172、192","4","仅关键词候选，未逐题证实"
"第一章/1-2/ef6f91c8-1359-469e-835f-e536c934174b.pdf","第一章","3","28","PDF文本层","185","","","0","本页无已关联题目；不等于知识点已覆盖"
"第一章/1-2/ef6f91c8-1359-469e-835f-e536c934174b.pdf","第一章","4","28","PDF文本层","311","","","0","本页无已关联题目；不等于知识点已覆盖"
"第一章/1-2/ef6f91c8-1359-469e-835f-e536c934174b.pdf","第一章","5","28","PDF文本层","102","","","0","本页无已关联题目；不等于知识点已覆盖"
"第一章/1-2/ef6f91c8-1359-469e-835f-e536c934174b.pdf","第一章","6","28","PDF文本层","168","","","0","本页无已关联题目；不等于知识点已覆盖"
"第一章/1-2/ef6f91c8-1359-469e-835f-e536c934174b.pdf","第一章","7","28","PDF文本层","257","","","0","本页无已关联题目；不等于知识点已覆盖"
"第一章/1-2/ef6f91c8-1359-469e-835f-e536c934174b.pdf","第一章","8","28","PDF文本层","203","数据清洗；数据清洗目标","42、122、172、192","4","仅关键词候选，未逐题证实"
"第一章/1-2/ef6f91c8-1359-469e-835f-e536c934174b.pdf","第一章","9","28","PDF文本层","516","","","0","本页无已关联题目；不等于知识点已覆盖"
"第一章/1-2/ef6f91c8-1359-469e-835f-e536c934174b.pdf","第一章","10","28","PDF文本层","340","","","0","本页无已关联题目；不等于知识点已覆盖"
"第一章/1-2/ef6f91c8-1359-469e-835f-e536c934174b.pdf","第一章","11","28","PDF文本层","200","","","0","本页无已关联题目；不等于知识点已覆盖"
"第一章/1-2/ef6f91c8-1359-469e-835f-e536c934174b.pdf","第一章","12","28","PDF文本层","355","监督学习、无监督学习与强化学习","202、242、267","3","仅关键词候选，未逐题证实"
"第一章/1-2/ef6f91c8-1359-469e-835f-e536c934174b.pdf","第一章","13","28","PDF文本层","154","图像数据标注；监督学习、无监督学习与强化学习","51、97、131、202、242、267","6","仅关键词候选，未逐题证实"
"第一章/1-2/ef6f91c8-1359-469e-835f-e536c934174b.pdf","第一章","14","28","PDF文本层","359","音频事件时间标注；音频任务标签匹配；监督学习、无监督学习与强化学习；语音任务接口设计","119、167、202、242、267、403","6","已定位依据题：119、167、403；另有关键词候选题：202、242、267"
"第一章/1-2/ef6f91c8-1359-469e-835f-e536c934174b.pdf","第一章","15","28","PDF文本层","185","","","0","本页无已关联题目；不等于知识点已覆盖"
"第一章/1-2/ef6f91c8-1359-469e-835f-e536c934174b.pdf","第一章","16","28","PDF文本层","311","","","0","本页无已关联题目；不等于知识点已覆盖"
"第一章/1-2/ef6f91c8-1359-469e-835f-e536c934174b.pdf","第一章","17","28","PDF文本层","102","","","0","本页无已关联题目；不等于知识点已覆盖"
"第一章/1-2/ef6f91c8-1359-469e-835f-e536c934174b.pdf","第一章","18","28","PDF文本层","154","","","0","本页无已关联题目；不等于知识点已覆盖"
"第一章/1-2/ef6f91c8-1359-469e-835f-e536c934174b.pdf","第一章","19","28","PDF文本层","257","","","0","本页无已关联题目；不等于知识点已覆盖"
"第一章/1-2/ef6f91c8-1359-469e-835f-e536c934174b.pdf","第一章","20","28","PDF文本层","203","数据清洗；数据清洗目标","42、122、172、192","4","仅关键词候选，未逐题证实"
"第一章/1-2/ef6f91c8-1359-469e-835f-e536c934174b.pdf","第一章","21","28","PDF文本层","175","数据清洗；数据清洗目标","42、122、172、192","4","仅关键词候选，未逐题证实"
"第一章/1-2/ef6f91c8-1359-469e-835f-e536c934174b.pdf","第一章","22","28","PDF文本层","503","","","0","本页无已关联题目；不等于知识点已覆盖"
"第一章/1-2/ef6f91c8-1359-469e-835f-e536c934174b.pdf","第一章","23","28","PDF文本层","340","","","0","本页无已关联题目；不等于知识点已覆盖"
"第一章/1-2/ef6f91c8-1359-469e-835f-e536c934174b.pdf","第一章","24","28","PDF文本层","206","","","0","本页无已关联题目；不等于知识点已覆盖"
"第一章/1-2/ef6f91c8-1359-469e-835f-e536c934174b.pdf","第一章","25","28","PDF文本层","356","监督学习、无监督学习与强化学习","202、242、267","3","仅关键词候选，未逐题证实"
"第一章/1-2/ef6f91c8-1359-469e-835f-e536c934174b.pdf","第一章","26","28","PDF文本层","141","图像数据标注；监督学习、无监督学习与强化学习","51、97、131、202、242、267","6","仅关键词候选，未逐题证实"
"第一章/1-2/ef6f91c8-1359-469e-835f-e536c934174b.pdf","第一章","27","28","PDF文本层","370","监督学习、无监督学习与强化学习","202、242、267","3","仅关键词候选，未逐题证实"
"第一章/1-2/ef6f91c8-1359-469e-835f-e536c934174b.pdf","第一章","28","28","PDF文本层","42","","","0","本页无已关联题目；不等于知识点已覆盖"
"第一章/1-3/463e62fc-8756-42a5-887e-4cabb86c6812.pdf","第一章","1","14","PDF文本层","35","","","0","本页无已关联题目；不等于知识点已覆盖"
"第一章/1-3/463e62fc-8756-42a5-887e-4cabb86c6812.pdf","第一章","2","14","PDF文本层","125","","","0","本页无已关联题目；不等于知识点已覆盖"
"第一章/1-3/463e62fc-8756-42a5-887e-4cabb86c6812.pdf","第一章","3","14","PDF文本层","128","","","0","本页无已关联题目；不等于知识点已覆盖"
"第一章/1-3/463e62fc-8756-42a5-887e-4cabb86c6812.pdf","第一章","4","14","PDF文本层","227","人工智能产业发展；人工智能芯片","104、153、182、214","4","仅关键词候选，未逐题证实"
"第一章/1-3/463e62fc-8756-42a5-887e-4cabb86c6812.pdf","第一章","5","14","PDF文本层","262","","","0","本页无已关联题目；不等于知识点已覆盖"
"第一章/1-3/463e62fc-8756-42a5-887e-4cabb86c6812.pdf","第一章","6","14","PDF文本层","170","附件题目 · 设计开发；附件题目 · 设计开发｜批量数据处理价值密度；附件题目 · 设计开发｜容器与虚拟机兼容性","354、355、356、357、366、367、368、369、370、372、376、378、392、393、404、405、406、408、418、426、427","21","仅关键词候选，未逐题证实"
"第一章/1-3/463e62fc-8756-42a5-887e-4cabb86c6812.pdf","第一章","7","14","PDF文本层","239","","","0","本页无已关联题目；不等于知识点已覆盖"
"第一章/1-3/463e62fc-8756-42a5-887e-4cabb86c6812.pdf","第一章","8","14","PDF文本层","190","深度学习；机器学习框架；机器学习框架的底层实现；附件题目 · 共性技术｜TensorFlow与PyTorch计算图；机器学习框架接口；TensorFlow底层实现","203、207、240、243、247、268、273、275、279","9","仅关键词候选，未逐题证实"
"第一章/1-3/463e62fc-8756-42a5-887e-4cabb86c6812.pdf","第一章","9","14","PDF文本层","293","深度学习；机器学习框架；人工智能芯片；附件题目 · 共性技术｜TensorFlow与PyTorch计算图；机器学习框架接口","203、207、214、243、247、268、273、275","8","仅关键词候选，未逐题证实"
"第一章/1-3/463e62fc-8756-42a5-887e-4cabb86c6812.pdf","第一章","10","14","PDF文本层","236","","","0","本页无已关联题目；不等于知识点已覆盖"
"第一章/1-3/463e62fc-8756-42a5-887e-4cabb86c6812.pdf","第一章","11","14","PDF文本层","239","Docker Compose、Helm 与 Serverless","322、333、382、420","4","仅关键词候选，未逐题证实"
"第一章/1-3/463e62fc-8756-42a5-887e-4cabb86c6812.pdf","第一章","12","14","PDF文本层","400","数据清洗；数据清洗目标；Docker Compose、Helm 与 Serverless","42、122、172、192、322、333、382、420","8","仅关键词候选，未逐题证实"
"第一章/1-3/463e62fc-8756-42a5-887e-4cabb86c6812.pdf","第一章","13","14","PDF文本层","185","硬件性能指标","149、274","2","仅关键词候选，未逐题证实"
"第一章/1-3/463e62fc-8756-42a5-887e-4cabb86c6812.pdf","第一章","14","14","PDF文本层","77","","","0","本页无已关联题目；不等于知识点已覆盖"
"第一章/1-4/0cbb8db9-69fe-4b54-978e-c307aae26de9.pdf","第一章","1","18","PDF文本层","7","","","0","本页无已关联题目；不等于知识点已覆盖"
"第一章/1-4/0cbb8db9-69fe-4b54-978e-c307aae26de9.pdf","第一章","2","18","PDF文本层","150","监督学习、无监督学习与强化学习","202、242、267","3","仅关键词候选，未逐题证实"
"第一章/1-4/0cbb8db9-69fe-4b54-978e-c307aae26de9.pdf","第一章","3","18","PDF文本层","95","监督学习、无监督学习与强化学习","202、242、267","3","仅关键词候选，未逐题证实"
"第一章/1-4/0cbb8db9-69fe-4b54-978e-c307aae26de9.pdf","第一章","4","18","PDF文本层","31","监督学习、无监督学习与强化学习","202、242、267","3","仅关键词候选，未逐题证实"
"第一章/1-4/0cbb8db9-69fe-4b54-978e-c307aae26de9.pdf","第一章","5","18","PDF文本层","32","监督学习、无监督学习与强化学习","202、242、267","3","仅关键词候选，未逐题证实"
"第一章/1-4/0cbb8db9-69fe-4b54-978e-c307aae26de9.pdf","第一章","6","18","PDF文本层","84","监督学习、无监督学习与强化学习；TFX、Hugging Face 与 TensorRT","202、208、242、248、267","5","仅关键词候选，未逐题证实"
"第一章/1-4/0cbb8db9-69fe-4b54-978e-c307aae26de9.pdf","第一章","7","18","PDF文本层","126","监督学习、无监督学习与强化学习","202、242、267","3","仅关键词候选，未逐题证实"
"第一章/1-4/0cbb8db9-69fe-4b54-978e-c307aae26de9.pdf","第一章","8","18","PDF文本层","66","监督学习、无监督学习与强化学习","202、242、267","3","仅关键词候选，未逐题证实"
"第一章/1-4/0cbb8db9-69fe-4b54-978e-c307aae26de9.pdf","第一章","9","18","PDF文本层","104","监督学习、无监督学习与强化学习","202、242、267","3","仅关键词候选，未逐题证实"
"第一章/1-4/0cbb8db9-69fe-4b54-978e-c307aae26de9.pdf","第一章","10","18","PDF文本层","149","监督学习、无监督学习与强化学习","202、242、267","3","仅关键词候选，未逐题证实"
"第一章/1-4/0cbb8db9-69fe-4b54-978e-c307aae26de9.pdf","第一章","11","18","PDF文本层","175","监督学习、无监督学习与强化学习","202、242、267","3","仅关键词候选，未逐题证实"
"第一章/1-4/0cbb8db9-69fe-4b54-978e-c307aae26de9.pdf","第一章","12","18","PDF文本层","44","监督学习、无监督学习与强化学习","202、242、267","3","仅关键词候选，未逐题证实"
"第一章/1-4/0cbb8db9-69fe-4b54-978e-c307aae26de9.pdf","第一章","13","18","PDF文本层","146","监督学习、无监督学习与强化学习","202、242、267","3","仅关键词候选，未逐题证实"
"第一章/1-4/0cbb8db9-69fe-4b54-978e-c307aae26de9.pdf","第一章","14","18","PDF文本层","83","监督学习、无监督学习与强化学习","202、242、267","3","仅关键词候选，未逐题证实"
"第一章/1-4/0cbb8db9-69fe-4b54-978e-c307aae26de9.pdf","第一章","15","18","PDF文本层","251","监督学习、无监督学习与强化学习","202、242、267","3","仅关键词候选，未逐题证实"
"第一章/1-4/0cbb8db9-69fe-4b54-978e-c307aae26de9.pdf","第一章","16","18","PDF文本层","268","监督学习、无监督学习与强化学习","202、242、267","3","仅关键词候选，未逐题证实"
"第一章/1-4/0cbb8db9-69fe-4b54-978e-c307aae26de9.pdf","第一章","17","18","PDF文本层","55","监督学习、无监督学习与强化学习","202、242、267","3","仅关键词候选，未逐题证实"
"第一章/1-4/0cbb8db9-69fe-4b54-978e-c307aae26de9.pdf","第一章","18","18","PDF文本层","45","","","0","本页无已关联题目；不等于知识点已覆盖"
"第一章/1-4/106737f0-9652-4eb4-a258-2518a9dbb1ee.pdf","第一章","1","12","PDF文本层","7","","","0","本页无已关联题目；不等于知识点已覆盖"
"第一章/1-4/106737f0-9652-4eb4-a258-2518a9dbb1ee.pdf","第一章","2","12","PDF文本层","55","监督学习、无监督学习与强化学习","202、242、267","3","仅关键词候选，未逐题证实"
"第一章/1-4/106737f0-9652-4eb4-a258-2518a9dbb1ee.pdf","第一章","3","12","PDF文本层","382","监督学习、无监督学习与强化学习","202、242、267","3","仅关键词候选，未逐题证实"
"第一章/1-4/106737f0-9652-4eb4-a258-2518a9dbb1ee.pdf","第一章","4","12","PDF文本层","85","监督学习、无监督学习与强化学习","202、242、267","3","仅关键词候选，未逐题证实"
"第一章/1-4/106737f0-9652-4eb4-a258-2518a9dbb1ee.pdf","第一章","5","12","PDF文本层","145","监督学习、无监督学习与强化学习","202、242、267","3","仅关键词候选，未逐题证实"
"第一章/1-4/106737f0-9652-4eb4-a258-2518a9dbb1ee.pdf","第一章","6","12","PDF文本层","28","监督学习、无监督学习与强化学习","202、242、267","3","仅关键词候选，未逐题证实"
"第一章/1-4/106737f0-9652-4eb4-a258-2518a9dbb1ee.pdf","第一章","7","12","PDF文本层","87","监督学习、无监督学习与强化学习","202、242、267","3","仅关键词候选，未逐题证实"
"第一章/1-4/106737f0-9652-4eb4-a258-2518a9dbb1ee.pdf","第一章","8","12","PDF文本层","25","监督学习、无监督学习与强化学习","202、242、267","3","仅关键词候选，未逐题证实"
"第一章/1-4/106737f0-9652-4eb4-a258-2518a9dbb1ee.pdf","第一章","9","12","PDF文本层","297","监督学习、无监督学习与强化学习","202、242、267","3","仅关键词候选，未逐题证实"
"第一章/1-4/106737f0-9652-4eb4-a258-2518a9dbb1ee.pdf","第一章","10","12","PDF文本层","25","监督学习、无监督学习与强化学习","202、242、267","3","仅关键词候选，未逐题证实"
"第一章/1-4/106737f0-9652-4eb4-a258-2518a9dbb1ee.pdf","第一章","11","12","PDF文本层","186","监督学习、无监督学习与强化学习","202、242、267","3","仅关键词候选，未逐题证实"
"第一章/1-4/106737f0-9652-4eb4-a258-2518a9dbb1ee.pdf","第一章","12","12","PDF文本层","45","","","0","本页无已关联题目；不等于知识点已覆盖"
"第一章/1-4/3599d61b-4ab6-400d-9f57-a75e6b5a923c.pdf","第一章","1","21","PDF文本层","7","","","0","本页无已关联题目；不等于知识点已覆盖"
"第一章/1-4/3599d61b-4ab6-400d-9f57-a75e6b5a923c.pdf","第一章","2","21","PDF文本层","136","监督学习、无监督学习与强化学习","202、242、267","3","仅关键词候选，未逐题证实"
"第一章/1-4/3599d61b-4ab6-400d-9f57-a75e6b5a923c.pdf","第一章","3","21","PDF文本层","113","","","0","本页无已关联题目；不等于知识点已覆盖"
"第一章/1-4/3599d61b-4ab6-400d-9f57-a75e6b5a923c.pdf","第一章","4","21","PDF文本层","187","监督学习、无监督学习与强化学习","202、242、267","3","仅关键词候选，未逐题证实"
"第一章/1-4/3599d61b-4ab6-400d-9f57-a75e6b5a923c.pdf","第一章","5","21","PDF文本层","114","监督学习、无监督学习与强化学习","202、242、267","3","仅关键词候选，未逐题证实"
"第一章/1-4/3599d61b-4ab6-400d-9f57-a75e6b5a923c.pdf","第一章","6","21","PDF文本层","178","监督学习、无监督学习与强化学习","202、242、267","3","仅关键词候选，未逐题证实"
"第一章/1-4/3599d61b-4ab6-400d-9f57-a75e6b5a923c.pdf","第一章","7","21","PDF文本层","56","监督学习、无监督学习与强化学习","202、242、267","3","仅关键词候选，未逐题证实"
"第一章/1-4/3599d61b-4ab6-400d-9f57-a75e6b5a923c.pdf","第一章","8","21","PDF文本层","81","监督学习、无监督学习与强化学习","202、242、267","3","仅关键词候选，未逐题证实"
"第一章/1-4/3599d61b-4ab6-400d-9f57-a75e6b5a923c.pdf","第一章","9","21","PDF文本层","78","监督学习、无监督学习与强化学习","202、242、267","3","仅关键词候选，未逐题证实"
"第一章/1-4/3599d61b-4ab6-400d-9f57-a75e6b5a923c.pdf","第一章","10","21","PDF文本层","100","监督学习、无监督学习与强化学习","202、242、267","3","仅关键词候选，未逐题证实"
"第一章/1-4/3599d61b-4ab6-400d-9f57-a75e6b5a923c.pdf","第一章","11","21","PDF文本层","59","监督学习、无监督学习与强化学习","202、242、267","3","仅关键词候选，未逐题证实"
"第一章/1-4/3599d61b-4ab6-400d-9f57-a75e6b5a923c.pdf","第一章","12","21","PDF文本层","59","监督学习、无监督学习与强化学习","202、242、267","3","仅关键词候选，未逐题证实"
"第一章/1-4/3599d61b-4ab6-400d-9f57-a75e6b5a923c.pdf","第一章","13","21","PDF文本层","31","监督学习、无监督学习与强化学习","202、242、267","3","仅关键词候选，未逐题证实"
"第一章/1-4/3599d61b-4ab6-400d-9f57-a75e6b5a923c.pdf","第一章","14","21","PDF文本层","130","监督学习、无监督学习与强化学习","202、242、267","3","仅关键词候选，未逐题证实"
"第一章/1-4/3599d61b-4ab6-400d-9f57-a75e6b5a923c.pdf","第一章","15","21","PDF文本层","111","监督学习、无监督学习与强化学习","202、242、267","3","仅关键词候选，未逐题证实"
"第一章/1-4/3599d61b-4ab6-400d-9f57-a75e6b5a923c.pdf","第一章","16","21","PDF文本层","96","监督学习、无监督学习与强化学习","202、242、267","3","仅关键词候选，未逐题证实"
"第一章/1-4/3599d61b-4ab6-400d-9f57-a75e6b5a923c.pdf","第一章","17","21","PDF文本层","131","监督学习、无监督学习与强化学习","202、242、267","3","仅关键词候选，未逐题证实"
"第一章/1-4/3599d61b-4ab6-400d-9f57-a75e6b5a923c.pdf","第一章","18","21","PDF文本层","109","监督学习、无监督学习与强化学习","202、242、267","3","仅关键词候选，未逐题证实"
"第一章/1-4/3599d61b-4ab6-400d-9f57-a75e6b5a923c.pdf","第一章","19","21","PDF文本层","41","监督学习、无监督学习与强化学习","202、242、267","3","仅关键词候选，未逐题证实"
"第一章/1-4/3599d61b-4ab6-400d-9f57-a75e6b5a923c.pdf","第一章","20","21","PDF文本层","55","监督学习、无监督学习与强化学习","202、242、267","3","仅关键词候选，未逐题证实"
"第一章/1-4/3599d61b-4ab6-400d-9f57-a75e6b5a923c.pdf","第一章","21","21","PDF文本层","45","","","0","本页无已关联题目；不等于知识点已覆盖"
"第一章/1-4/584c4662-d592-4c9b-9b6b-4a48a894bc7e.pdf","第一章","1","18","PDF文本层","7","","","0","本页无已关联题目；不等于知识点已覆盖"
"第一章/1-4/584c4662-d592-4c9b-9b6b-4a48a894bc7e.pdf","第一章","2","18","PDF文本层","87","监督学习、无监督学习与强化学习","202、242、267","3","仅关键词候选，未逐题证实"
"第一章/1-4/584c4662-d592-4c9b-9b6b-4a48a894bc7e.pdf","第一章","3","18","PDF文本层","91","监督学习、无监督学习与强化学习","202、242、267","3","仅关键词候选，未逐题证实"
"第一章/1-4/584c4662-d592-4c9b-9b6b-4a48a894bc7e.pdf","第一章","4","18","PDF文本层","17","监督学习、无监督学习与强化学习","202、242、267","3","仅关键词候选，未逐题证实"
"第一章/1-4/584c4662-d592-4c9b-9b6b-4a48a894bc7e.pdf","第一章","5","18","PDF文本层","83","监督学习、无监督学习与强化学习","202、242、267","3","仅关键词候选，未逐题证实"
"第一章/1-4/584c4662-d592-4c9b-9b6b-4a48a894bc7e.pdf","第一章","6","18","PDF文本层","43","监督学习、无监督学习与强化学习","202、242、267","3","仅关键词候选，未逐题证实"
"第一章/1-4/584c4662-d592-4c9b-9b6b-4a48a894bc7e.pdf","第一章","7","18","PDF文本层","72","监督学习、无监督学习与强化学习","202、242、267","3","仅关键词候选，未逐题证实"
"第一章/1-4/584c4662-d592-4c9b-9b6b-4a48a894bc7e.pdf","第一章","8","18","PDF文本层","66","监督学习、无监督学习与强化学习","202、242、267","3","仅关键词候选，未逐题证实"
"第一章/1-4/584c4662-d592-4c9b-9b6b-4a48a894bc7e.pdf","第一章","9","18","PDF文本层","54","监督学习、无监督学习与强化学习","202、242、267","3","仅关键词候选，未逐题证实"
"第一章/1-4/584c4662-d592-4c9b-9b6b-4a48a894bc7e.pdf","第一章","10","18","PDF文本层","71","监督学习、无监督学习与强化学习","202、242、267","3","仅关键词候选，未逐题证实"
"第一章/1-4/584c4662-d592-4c9b-9b6b-4a48a894bc7e.pdf","第一章","11","18","PDF文本层","66","监督学习、无监督学习与强化学习","202、242、267","3","仅关键词候选，未逐题证实"
"第一章/1-4/584c4662-d592-4c9b-9b6b-4a48a894bc7e.pdf","第一章","12","18","PDF文本层","49","监督学习、无监督学习与强化学习","202、242、267","3","仅关键词候选，未逐题证实"
"第一章/1-4/584c4662-d592-4c9b-9b6b-4a48a894bc7e.pdf","第一章","13","18","PDF文本层","70","监督学习、无监督学习与强化学习","202、242、267","3","仅关键词候选，未逐题证实"
"第一章/1-4/584c4662-d592-4c9b-9b6b-4a48a894bc7e.pdf","第一章","14","18","PDF文本层","116","监督学习、无监督学习与强化学习","202、242、267","3","仅关键词候选，未逐题证实"
"第一章/1-4/584c4662-d592-4c9b-9b6b-4a48a894bc7e.pdf","第一章","15","18","PDF文本层","150","监督学习、无监督学习与强化学习","202、242、267","3","仅关键词候选，未逐题证实"
"第一章/1-4/584c4662-d592-4c9b-9b6b-4a48a894bc7e.pdf","第一章","16","18","PDF文本层","79","监督学习、无监督学习与强化学习","202、242、267","3","仅关键词候选，未逐题证实"
"第一章/1-4/584c4662-d592-4c9b-9b6b-4a48a894bc7e.pdf","第一章","17","18","PDF文本层","55","监督学习、无监督学习与强化学习","202、242、267","3","仅关键词候选，未逐题证实"
"第一章/1-4/584c4662-d592-4c9b-9b6b-4a48a894bc7e.pdf","第一章","18","18","PDF文本层","45","","","0","本页无已关联题目；不等于知识点已覆盖"
"第一章/1-4/626aa98f-fc39-443c-ba84-aa42eefcfd80.pdf","第一章","1","12","PDF文本层","7","","","0","本页无已关联题目；不等于知识点已覆盖"
"第一章/1-4/626aa98f-fc39-443c-ba84-aa42eefcfd80.pdf","第一章","2","12","PDF文本层","107","监督学习、无监督学习与强化学习","202、242、267","3","仅关键词候选，未逐题证实"
"第一章/1-4/626aa98f-fc39-443c-ba84-aa42eefcfd80.pdf","第一章","3","12","PDF文本层","172","监督学习、无监督学习与强化学习","202、242、267","3","仅关键词候选，未逐题证实"
"第一章/1-4/626aa98f-fc39-443c-ba84-aa42eefcfd80.pdf","第一章","4","12","PDF文本层","191","监督学习、无监督学习与强化学习","202、242、267","3","仅关键词候选，未逐题证实"
"第一章/1-4/626aa98f-fc39-443c-ba84-aa42eefcfd80.pdf","第一章","5","12","PDF文本层","83","监督学习、无监督学习与强化学习","202、242、267","3","仅关键词候选，未逐题证实"
"第一章/1-4/626aa98f-fc39-443c-ba84-aa42eefcfd80.pdf","第一章","6","12","PDF文本层","126","监督学习、无监督学习与强化学习","202、242、267","3","仅关键词候选，未逐题证实"
"第一章/1-4/626aa98f-fc39-443c-ba84-aa42eefcfd80.pdf","第一章","7","12","PDF文本层","201","监督学习、无监督学习与强化学习","202、242、267","3","仅关键词候选，未逐题证实"
"第一章/1-4/626aa98f-fc39-443c-ba84-aa42eefcfd80.pdf","第一章","8","12","PDF文本层","194","监督学习、无监督学习与强化学习","202、242、267","3","仅关键词候选，未逐题证实"
"第一章/1-4/626aa98f-fc39-443c-ba84-aa42eefcfd80.pdf","第一章","9","12","PDF文本层","66","监督学习、无监督学习与强化学习","202、242、267","3","仅关键词候选，未逐题证实"
"第一章/1-4/626aa98f-fc39-443c-ba84-aa42eefcfd80.pdf","第一章","10","12","PDF文本层","190","监督学习、无监督学习与强化学习","202、242、267","3","仅关键词候选，未逐题证实"
"第一章/1-4/626aa98f-fc39-443c-ba84-aa42eefcfd80.pdf","第一章","11","12","PDF文本层","216","监督学习、无监督学习与强化学习","202、242、267","3","仅关键词候选，未逐题证实"
"第一章/1-4/626aa98f-fc39-443c-ba84-aa42eefcfd80.pdf","第一章","12","12","PDF文本层","45","","","0","本页无已关联题目；不等于知识点已覆盖"
"第一章/1-4/71e65852-7296-4c6a-9d2f-4563f859c36b.pdf","第一章","1","69","PDF文本层","50","人工智能安全要素","63、86、143、150","4","仅关键词候选，未逐题证实"
"第一章/1-4/71e65852-7296-4c6a-9d2f-4563f859c36b.pdf","第一章","2","69","PDF文本层","121","","","0","本页无已关联题目；不等于知识点已覆盖"
"第一章/1-4/71e65852-7296-4c6a-9d2f-4563f859c36b.pdf","第一章","3","69","PDF文本层","164","","","0","本页无已关联题目；不等于知识点已覆盖"
"第一章/1-4/71e65852-7296-4c6a-9d2f-4563f859c36b.pdf","第一章","4","69","PDF文本层","41","","","0","本页无已关联题目；不等于知识点已覆盖"
"第一章/1-4/71e65852-7296-4c6a-9d2f-4563f859c36b.pdf","第一章","5","69","PDF文本层","313","深度学习","203、243、268","3","仅关键词候选，未逐题证实"
"第一章/1-4/71e65852-7296-4c6a-9d2f-4563f859c36b.pdf","第一章","6","69","PDF文本层","160","","","0","本页无已关联题目；不等于知识点已覆盖"
"第一章/1-4/71e65852-7296-4c6a-9d2f-4563f859c36b.pdf","第一章","7","69","PDF文本层","25","","","0","本页无已关联题目；不等于知识点已覆盖"
"第一章/1-4/71e65852-7296-4c6a-9d2f-4563f859c36b.pdf","第一章","8","69","PDF文本层","325","TFX、Hugging Face 与 TensorRT","208、248","2","仅关键词候选，未逐题证实"
"第一章/1-4/71e65852-7296-4c6a-9d2f-4563f859c36b.pdf","第一章","9","69","PDF文本层","30","","","0","本页无已关联题目；不等于知识点已覆盖"
"第一章/1-4/71e65852-7296-4c6a-9d2f-4563f859c36b.pdf","第一章","10","69","PDF文本层","310","人工智能安全要素；测试数据多样性","63、86、143、150、465","5","仅关键词候选，未逐题证实"
"第一章/1-4/71e65852-7296-4c6a-9d2f-4563f859c36b.pdf","第一章","11","69","PDF文本层","307","人工智能安全要素","63、86、143、150","4","仅关键词候选，未逐题证实"
"第一章/1-4/71e65852-7296-4c6a-9d2f-4563f859c36b.pdf","第一章","12","69","PDF文本层","304","人工智能安全要素","63、86、143、150","4","仅关键词候选，未逐题证实"
"第一章/1-4/71e65852-7296-4c6a-9d2f-4563f859c36b.pdf","第一章","13","69","PDF文本层","456","人工智能安全要素","63、86、143、150","4","仅关键词候选，未逐题证实"
"第一章/1-4/71e65852-7296-4c6a-9d2f-4563f859c36b.pdf","第一章","14","69","PDF文本层","335","网络爬虫组成；人工智能安全要素","50、63、86、96、130、143、150、180","8","仅关键词候选，未逐题证实"
"第一章/1-4/71e65852-7296-4c6a-9d2f-4563f859c36b.pdf","第一章","15","69","PDF文本层","300","人工智能伦理风险评估；公平性分群评估；人工智能安全要素；深度学习","2、22、35、36、63、86、143、150、203、243、268","11","仅关键词候选，未逐题证实"
"第一章/1-4/71e65852-7296-4c6a-9d2f-4563f859c36b.pdf","第一章","16","69","PDF文本层","324","人工智能安全要素","63、86、143、150","4","仅关键词候选，未逐题证实"
"第一章/1-4/71e65852-7296-4c6a-9d2f-4563f859c36b.pdf","第一章","17","69","PDF文本层","271","人工智能安全要素","63、86、143、150","4","仅关键词候选，未逐题证实"
"第一章/1-4/71e65852-7296-4c6a-9d2f-4563f859c36b.pdf","第一章","18","69","PDF文本层","36","","","0","本页无已关联题目；不等于知识点已覆盖"
"第一章/1-4/71e65852-7296-4c6a-9d2f-4563f859c36b.pdf","第一章","19","69","PDF文本层","340","","","0","本页无已关联题目；不等于知识点已覆盖"
"第一章/1-4/71e65852-7296-4c6a-9d2f-4563f859c36b.pdf","第一章","20","69","PDF文本层","170","深度学习","203、243、268","3","仅关键词候选，未逐题证实"
"第一章/1-4/71e65852-7296-4c6a-9d2f-4563f859c36b.pdf","第一章","21","69","PDF文本层","68","","","0","本页无已关联题目；不等于知识点已覆盖"
"第一章/1-4/71e65852-7296-4c6a-9d2f-4563f859c36b.pdf","第一章","22","69","PDF文本层","189","深度学习","203、243、268","3","仅关键词候选，未逐题证实"
"第一章/1-4/71e65852-7296-4c6a-9d2f-4563f859c36b.pdf","第一章","23","69","PDF文本层","177","","","0","本页无已关联题目；不等于知识点已覆盖"
"第一章/1-4/71e65852-7296-4c6a-9d2f-4563f859c36b.pdf","第一章","24","69","PDF文本层","120","","","0","本页无已关联题目；不等于知识点已覆盖"
"第一章/1-4/71e65852-7296-4c6a-9d2f-4563f859c36b.pdf","第一章","25","69","PDF文本层","127","","","0","本页无已关联题目；不等于知识点已覆盖"
"第一章/1-4/71e65852-7296-4c6a-9d2f-4563f859c36b.pdf","第一章","26","69","PDF文本层","315","","","0","本页无已关联题目；不等于知识点已覆盖"
"第一章/1-4/71e65852-7296-4c6a-9d2f-4563f859c36b.pdf","第一章","27","69","PDF文本层","285","","","0","本页无已关联题目；不等于知识点已覆盖"
"第一章/1-4/71e65852-7296-4c6a-9d2f-4563f859c36b.pdf","第一章","28","69","PDF文本层","128","","","0","本页无已关联题目；不等于知识点已覆盖"
"第一章/1-4/71e65852-7296-4c6a-9d2f-4563f859c36b.pdf","第一章","29","69","PDF文本层","254","","","0","本页无已关联题目；不等于知识点已覆盖"
"第一章/1-4/71e65852-7296-4c6a-9d2f-4563f859c36b.pdf","第一章","30","69","PDF文本层","123","","","0","本页无已关联题目；不等于知识点已覆盖"
"第一章/1-4/71e65852-7296-4c6a-9d2f-4563f859c36b.pdf","第一章","31","69","PDF文本层","254","","","0","本页无已关联题目；不等于知识点已覆盖"
"第一章/1-4/71e65852-7296-4c6a-9d2f-4563f859c36b.pdf","第一章","32","69","PDF文本层","46","","","0","本页无已关联题目；不等于知识点已覆盖"
"第一章/1-4/71e65852-7296-4c6a-9d2f-4563f859c36b.pdf","第一章","33","69","PDF文本层","277","","","0","本页无已关联题目；不等于知识点已覆盖"
"第一章/1-4/71e65852-7296-4c6a-9d2f-4563f859c36b.pdf","第一章","34","69","PDF文本层","340","","","0","本页无已关联题目；不等于知识点已覆盖"
"第一章/1-4/71e65852-7296-4c6a-9d2f-4563f859c36b.pdf","第一章","35","69","PDF文本层","367","","","0","本页无已关联题目；不等于知识点已覆盖"
"第一章/1-4/71e65852-7296-4c6a-9d2f-4563f859c36b.pdf","第一章","36","69","PDF文本层","363","","","0","本页无已关联题目；不等于知识点已覆盖"
"第一章/1-4/71e65852-7296-4c6a-9d2f-4563f859c36b.pdf","第一章","37","69","PDF文本层","125","","","0","本页无已关联题目；不等于知识点已覆盖"
"第一章/1-4/71e65852-7296-4c6a-9d2f-4563f859c36b.pdf","第一章","38","69","PDF文本层","425","","","0","本页无已关联题目；不等于知识点已覆盖"
"第一章/1-4/71e65852-7296-4c6a-9d2f-4563f859c36b.pdf","第一章","39","69","PDF文本层","304","","","0","本页无已关联题目；不等于知识点已覆盖"
"第一章/1-4/71e65852-7296-4c6a-9d2f-4563f859c36b.pdf","第一章","40","69","PDF文本层","125","","","0","本页无已关联题目；不等于知识点已覆盖"
"第一章/1-4/71e65852-7296-4c6a-9d2f-4563f859c36b.pdf","第一章","41","69","PDF文本层","407","","","0","本页无已关联题目；不等于知识点已覆盖"
"第一章/1-4/71e65852-7296-4c6a-9d2f-4563f859c36b.pdf","第一章","42","69","PDF文本层","159","","","0","本页无已关联题目；不等于知识点已覆盖"
"第一章/1-4/71e65852-7296-4c6a-9d2f-4563f859c36b.pdf","第一章","43","69","PDF文本层","336","","","0","本页无已关联题目；不等于知识点已覆盖"
"第一章/1-4/71e65852-7296-4c6a-9d2f-4563f859c36b.pdf","第一章","44","69","PDF文本层","169","","","0","本页无已关联题目；不等于知识点已覆盖"
"第一章/1-4/71e65852-7296-4c6a-9d2f-4563f859c36b.pdf","第一章","45","69","PDF文本层","234","","","0","本页无已关联题目；不等于知识点已覆盖"
"第一章/1-4/71e65852-7296-4c6a-9d2f-4563f859c36b.pdf","第一章","46","69","PDF文本层","187","","","0","本页无已关联题目；不等于知识点已覆盖"
"第一章/1-4/71e65852-7296-4c6a-9d2f-4563f859c36b.pdf","第一章","47","69","PDF文本层","131","","","0","本页无已关联题目；不等于知识点已覆盖"
"第一章/1-4/71e65852-7296-4c6a-9d2f-4563f859c36b.pdf","第一章","48","69","PDF文本层","53","人工智能伦理风险评估；公平性分群评估；深度学习","2、22、35、36、203、243、268","7","仅关键词候选，未逐题证实"
"第一章/1-4/71e65852-7296-4c6a-9d2f-4563f859c36b.pdf","第一章","49","69","PDF文本层","38","","","0","本页无已关联题目；不等于知识点已覆盖"
"第一章/1-4/71e65852-7296-4c6a-9d2f-4563f859c36b.pdf","第一章","50","69","PDF文本层","177","功能需求","281、301、314","3","仅关键词候选，未逐题证实"
"第一章/1-4/71e65852-7296-4c6a-9d2f-4563f859c36b.pdf","第一章","51","69","PDF文本层","147","安全测试","470","1","仅关键词候选，未逐题证实"
"第一章/1-4/71e65852-7296-4c6a-9d2f-4563f859c36b.pdf","第一章","52","69","PDF文本层","189","","","0","本页无已关联题目；不等于知识点已覆盖"
"第一章/1-4/71e65852-7296-4c6a-9d2f-4563f859c36b.pdf","第一章","53","69","PDF文本层","84","","","0","本页无已关联题目；不等于知识点已覆盖"
"第一章/1-4/71e65852-7296-4c6a-9d2f-4563f859c36b.pdf","第一章","54","69","PDF文本层","228","","","0","本页无已关联题目；不等于知识点已覆盖"
"第一章/1-4/71e65852-7296-4c6a-9d2f-4563f859c36b.pdf","第一章","55","69","PDF文本层","158","","","0","本页无已关联题目；不等于知识点已覆盖"
"第一章/1-4/71e65852-7296-4c6a-9d2f-4563f859c36b.pdf","第一章","56","69","PDF文本层","229","","","0","本页无已关联题目；不等于知识点已覆盖"
"第一章/1-4/71e65852-7296-4c6a-9d2f-4563f859c36b.pdf","第一章","57","69","PDF文本层","230","","","0","本页无已关联题目；不等于知识点已覆盖"
"第一章/1-4/71e65852-7296-4c6a-9d2f-4563f859c36b.pdf","第一章","58","69","PDF文本层","181","","","0","本页无已关联题目；不等于知识点已覆盖"
"第一章/1-4/71e65852-7296-4c6a-9d2f-4563f859c36b.pdf","第一章","59","69","PDF文本层","236","功能需求","281、301、314","3","仅关键词候选，未逐题证实"
"第一章/1-4/71e65852-7296-4c6a-9d2f-4563f859c36b.pdf","第一章","60","69","PDF文本层","232","","","0","本页无已关联题目；不等于知识点已覆盖"
"第一章/1-4/71e65852-7296-4c6a-9d2f-4563f859c36b.pdf","第一章","61","69","PDF文本层","221","人工智能芯片","214","1","仅关键词候选，未逐题证实"
"第一章/1-4/71e65852-7296-4c6a-9d2f-4563f859c36b.pdf","第一章","62","69","PDF文本层","191","","","0","本页无已关联题目；不等于知识点已覆盖"
"第一章/1-4/71e65852-7296-4c6a-9d2f-4563f859c36b.pdf","第一章","63","69","PDF文本层","154","","","0","本页无已关联题目；不等于知识点已覆盖"
"第一章/1-4/71e65852-7296-4c6a-9d2f-4563f859c36b.pdf","第一章","64","69","PDF文本层","165","监督学习、无监督学习与强化学习","202、242、267","3","仅关键词候选，未逐题证实"
"第一章/1-4/71e65852-7296-4c6a-9d2f-4563f859c36b.pdf","第一章","65","69","PDF文本层","230","","","0","本页无已关联题目；不等于知识点已覆盖"
"第一章/1-4/71e65852-7296-4c6a-9d2f-4563f859c36b.pdf","第一章","66","69","PDF文本层","113","","","0","本页无已关联题目；不等于知识点已覆盖"
"第一章/1-4/71e65852-7296-4c6a-9d2f-4563f859c36b.pdf","第一章","67","69","PDF文本层","80","","","0","本页无已关联题目；不等于知识点已覆盖"
"第一章/1-4/71e65852-7296-4c6a-9d2f-4563f859c36b.pdf","第一章","68","69","PDF文本层","227","安全测试","470","1","仅关键词候选，未逐题证实"
"第一章/1-4/71e65852-7296-4c6a-9d2f-4563f859c36b.pdf","第一章","69","69","PDF文本层","45","","","0","本页无已关联题目；不等于知识点已覆盖"
"第一章/1-4/7782c3cf-a0b0-4097-a157-56244eef36e9.pdf","第一章","1","24","PDF文本层","7","","","0","本页无已关联题目；不等于知识点已覆盖"
"第一章/1-4/7782c3cf-a0b0-4097-a157-56244eef36e9.pdf","第一章","2","24","PDF文本层","242","监督学习、无监督学习与强化学习","202、242、267","3","仅关键词候选，未逐题证实"
"第一章/1-4/7782c3cf-a0b0-4097-a157-56244eef36e9.pdf","第一章","3","24","PDF文本层","157","监督学习、无监督学习与强化学习","202、242、267","3","仅关键词候选，未逐题证实"
"第一章/1-4/7782c3cf-a0b0-4097-a157-56244eef36e9.pdf","第一章","4","24","PDF文本层","195","监督学习、无监督学习与强化学习","202、242、267","3","仅关键词候选，未逐题证实"
"第一章/1-4/7782c3cf-a0b0-4097-a157-56244eef36e9.pdf","第一章","5","24","PDF文本层","152","MLOps 中的 CI、CD 与 CT；MLOps 的 CI/CD/CT","323、334、350、383、421","5","仅关键词候选，未逐题证实"
"第一章/1-4/7782c3cf-a0b0-4097-a157-56244eef36e9.pdf","第一章","6","24","PDF文本层","363","监督学习、无监督学习与强化学习","202、242、267","3","仅关键词候选，未逐题证实"
"第一章/1-4/7782c3cf-a0b0-4097-a157-56244eef36e9.pdf","第一章","7","24","PDF文本层","52","监督学习、无监督学习与强化学习","202、242、267","3","仅关键词候选，未逐题证实"
"第一章/1-4/7782c3cf-a0b0-4097-a157-56244eef36e9.pdf","第一章","8","24","PDF文本层","133","监督学习、无监督学习与强化学习","202、242、267","3","仅关键词候选，未逐题证实"
"第一章/1-4/7782c3cf-a0b0-4097-a157-56244eef36e9.pdf","第一章","9","24","PDF文本层","124","监督学习、无监督学习与强化学习","202、242、267","3","仅关键词候选，未逐题证实"
"第一章/1-4/7782c3cf-a0b0-4097-a157-56244eef36e9.pdf","第一章","10","24","PDF文本层","151","监督学习、无监督学习与强化学习","202、242、267","3","仅关键词候选，未逐题证实"
"第一章/1-4/7782c3cf-a0b0-4097-a157-56244eef36e9.pdf","第一章","11","24","PDF文本层","19","监督学习、无监督学习与强化学习","202、242、267","3","仅关键词候选，未逐题证实"
"第一章/1-4/7782c3cf-a0b0-4097-a157-56244eef36e9.pdf","第一章","12","24","PDF文本层","63","监督学习、无监督学习与强化学习","202、242、267","3","仅关键词候选，未逐题证实"
"第一章/1-4/7782c3cf-a0b0-4097-a157-56244eef36e9.pdf","第一章","13","24","PDF文本层","190","监督学习、无监督学习与强化学习","202、242、267","3","仅关键词候选，未逐题证实"
"第一章/1-4/7782c3cf-a0b0-4097-a157-56244eef36e9.pdf","第一章","14","24","PDF文本层","274","监督学习、无监督学习与强化学习","202、242、267","3","仅关键词候选，未逐题证实"
"第一章/1-4/7782c3cf-a0b0-4097-a157-56244eef36e9.pdf","第一章","15","24","PDF文本层","312","MLOps 中的 CI、CD 与 CT；MLOps 的 CI/CD/CT","323、334、350、383、421","5","仅关键词候选，未逐题证实"
"第一章/1-4/7782c3cf-a0b0-4097-a157-56244eef36e9.pdf","第一章","16","24","PDF文本层","181","监督学习、无监督学习与强化学习","202、242、267","3","仅关键词候选，未逐题证实"
"第一章/1-4/7782c3cf-a0b0-4097-a157-56244eef36e9.pdf","第一章","17","24","PDF文本层","200","监督学习、无监督学习与强化学习","202、242、267","3","仅关键词候选，未逐题证实"
"第一章/1-4/7782c3cf-a0b0-4097-a157-56244eef36e9.pdf","第一章","18","24","PDF文本层","224","MLOps 中的 CI、CD 与 CT；MLOps 的 CI/CD/CT","323、334、350、383、421","5","仅关键词候选，未逐题证实"
"第一章/1-4/7782c3cf-a0b0-4097-a157-56244eef36e9.pdf","第一章","19","24","PDF文本层","37","监督学习、无监督学习与强化学习","202、242、267","3","仅关键词候选，未逐题证实"
"第一章/1-4/7782c3cf-a0b0-4097-a157-56244eef36e9.pdf","第一章","20","24","PDF文本层","87","监督学习、无监督学习与强化学习","202、242、267","3","仅关键词候选，未逐题证实"
"第一章/1-4/7782c3cf-a0b0-4097-a157-56244eef36e9.pdf","第一章","21","24","PDF文本层","174","监督学习、无监督学习与强化学习","202、242、267","3","仅关键词候选，未逐题证实"
"第一章/1-4/7782c3cf-a0b0-4097-a157-56244eef36e9.pdf","第一章","22","24","PDF文本层","142","监督学习、无监督学习与强化学习","202、242、267","3","仅关键词候选，未逐题证实"
"第一章/1-4/7782c3cf-a0b0-4097-a157-56244eef36e9.pdf","第一章","23","24","PDF文本层","277","监督学习、无监督学习与强化学习","202、242、267","3","仅关键词候选，未逐题证实"
"第一章/1-4/7782c3cf-a0b0-4097-a157-56244eef36e9.pdf","第一章","24","24","PDF文本层","45","","","0","本页无已关联题目；不等于知识点已覆盖"
"第一章/1-4/7ffd00cc-a401-4b30-a8b6-577826fc54ac.pdf","第一章","1","13","PDF文本层","7","","","0","本页无已关联题目；不等于知识点已覆盖"
"第一章/1-4/7ffd00cc-a401-4b30-a8b6-577826fc54ac.pdf","第一章","2","13","PDF文本层","184","","","0","本页无已关联题目；不等于知识点已覆盖"
"第一章/1-4/7ffd00cc-a401-4b30-a8b6-577826fc54ac.pdf","第一章","3","13","PDF文本层","234","","","0","本页无已关联题目；不等于知识点已覆盖"
"第一章/1-4/7ffd00cc-a401-4b30-a8b6-577826fc54ac.pdf","第一章","4","13","PDF文本层","41","","","0","本页无已关联题目；不等于知识点已覆盖"
"第一章/1-4/7ffd00cc-a401-4b30-a8b6-577826fc54ac.pdf","第一章","5","13","PDF文本层","44","","","0","本页无已关联题目；不等于知识点已覆盖"
"第一章/1-4/7ffd00cc-a401-4b30-a8b6-577826fc54ac.pdf","第一章","6","13","PDF文本层","65","","","0","本页无已关联题目；不等于知识点已覆盖"
"第一章/1-4/7ffd00cc-a401-4b30-a8b6-577826fc54ac.pdf","第一章","7","13","PDF文本层","37","","","0","本页无已关联题目；不等于知识点已覆盖"
"第一章/1-4/7ffd00cc-a401-4b30-a8b6-577826fc54ac.pdf","第一章","8","13","PDF文本层","177","监督学习、无监督学习与强化学习","202、242、267","3","仅关键词候选，未逐题证实"
"第一章/1-4/7ffd00cc-a401-4b30-a8b6-577826fc54ac.pdf","第一章","9","13","PDF文本层","147","监督学习、无监督学习与强化学习","202、242、267","3","仅关键词候选，未逐题证实"
"第一章/1-4/7ffd00cc-a401-4b30-a8b6-577826fc54ac.pdf","第一章","10","13","PDF文本层","157","监督学习、无监督学习与强化学习","202、242、267","3","仅关键词候选，未逐题证实"
"第一章/1-4/7ffd00cc-a401-4b30-a8b6-577826fc54ac.pdf","第一章","11","13","PDF文本层","173","监督学习、无监督学习与强化学习","202、242、267","3","仅关键词候选，未逐题证实"
"第一章/1-4/7ffd00cc-a401-4b30-a8b6-577826fc54ac.pdf","第一章","12","13","PDF文本层","129","监督学习、无监督学习与强化学习","202、242、267","3","仅关键词候选，未逐题证实"
"第一章/1-4/7ffd00cc-a401-4b30-a8b6-577826fc54ac.pdf","第一章","13","13","PDF文本层","45","","","0","本页无已关联题目；不等于知识点已覆盖"
"第一章/1-4/927b5edd-0b8b-4c05-98a4-2dcea8c7304d.pdf","第一章","1","13","PDF文本层","7","","","0","本页无已关联题目；不等于知识点已覆盖"
"第一章/1-4/927b5edd-0b8b-4c05-98a4-2dcea8c7304d.pdf","第一章","2","13","PDF文本层","37","附件题目 · 基础知识","101、102、103、151、152、181","6","仅关键词候选，未逐题证实"
"第一章/1-4/927b5edd-0b8b-4c05-98a4-2dcea8c7304d.pdf","第一章","3","13","PDF文本层","55","监督学习、无监督学习与强化学习","202、242、267","3","仅关键词候选，未逐题证实"
"第一章/1-4/927b5edd-0b8b-4c05-98a4-2dcea8c7304d.pdf","第一章","4","13","PDF文本层","60","","","0","本页无已关联题目；不等于知识点已覆盖"
"第一章/1-4/927b5edd-0b8b-4c05-98a4-2dcea8c7304d.pdf","第一章","5","13","PDF文本层","94","","","0","本页无已关联题目；不等于知识点已覆盖"
"第一章/1-4/927b5edd-0b8b-4c05-98a4-2dcea8c7304d.pdf","第一章","6","13","PDF文本层","69","","","0","本页无已关联题目；不等于知识点已覆盖"
"第一章/1-4/927b5edd-0b8b-4c05-98a4-2dcea8c7304d.pdf","第一章","7","13","PDF文本层","77","","","0","本页无已关联题目；不等于知识点已覆盖"
"第一章/1-4/927b5edd-0b8b-4c05-98a4-2dcea8c7304d.pdf","第一章","8","13","PDF文本层","69","","","0","本页无已关联题目；不等于知识点已覆盖"
"第一章/1-4/927b5edd-0b8b-4c05-98a4-2dcea8c7304d.pdf","第一章","9","13","PDF文本层","71","","","0","本页无已关联题目；不等于知识点已覆盖"
"第一章/1-4/927b5edd-0b8b-4c05-98a4-2dcea8c7304d.pdf","第一章","10","13","PDF文本层","34","深度学习","203、243、268","3","仅关键词候选，未逐题证实"
"第一章/1-4/927b5edd-0b8b-4c05-98a4-2dcea8c7304d.pdf","第一章","11","13","PDF文本层","25","","","0","本页无已关联题目；不等于知识点已覆盖"
"第一章/1-4/927b5edd-0b8b-4c05-98a4-2dcea8c7304d.pdf","第一章","12","13","PDF文本层","16","","","0","本页无已关联题目；不等于知识点已覆盖"
"第一章/1-4/927b5edd-0b8b-4c05-98a4-2dcea8c7304d.pdf","第一章","13","13","PDF文本层","42","","","0","本页无已关联题目；不等于知识点已覆盖"
"第一章/1-4/9a3aba33-155b-4098-bdb6-21e5a017a68c.pdf","第一章","1","13","PDF文本层","7","","","0","本页无已关联题目；不等于知识点已覆盖"
"第一章/1-4/9a3aba33-155b-4098-bdb6-21e5a017a68c.pdf","第一章","2","13","PDF文本层","138","监督学习、无监督学习与强化学习","202、242、267","3","仅关键词候选，未逐题证实"
"第一章/1-4/9a3aba33-155b-4098-bdb6-21e5a017a68c.pdf","第一章","3","13","PDF文本层","135","监督学习、无监督学习与强化学习","202、242、267","3","仅关键词候选，未逐题证实"
"第一章/1-4/9a3aba33-155b-4098-bdb6-21e5a017a68c.pdf","第一章","4","13","PDF文本层","120","监督学习、无监督学习与强化学习","202、242、267","3","仅关键词候选，未逐题证实"
"第一章/1-4/9a3aba33-155b-4098-bdb6-21e5a017a68c.pdf","第一章","5","13","PDF文本层","139","监督学习、无监督学习与强化学习","202、242、267","3","仅关键词候选，未逐题证实"
"第一章/1-4/9a3aba33-155b-4098-bdb6-21e5a017a68c.pdf","第一章","6","13","PDF文本层","107","监督学习、无监督学习与强化学习","202、242、267","3","仅关键词候选，未逐题证实"
"第一章/1-4/9a3aba33-155b-4098-bdb6-21e5a017a68c.pdf","第一章","7","13","PDF文本层","116","监督学习、无监督学习与强化学习","202、242、267","3","仅关键词候选，未逐题证实"
"第一章/1-4/9a3aba33-155b-4098-bdb6-21e5a017a68c.pdf","第一章","8","13","PDF文本层","154","监督学习、无监督学习与强化学习","202、242、267","3","仅关键词候选，未逐题证实"
"第一章/1-4/9a3aba33-155b-4098-bdb6-21e5a017a68c.pdf","第一章","9","13","PDF文本层","44","监督学习、无监督学习与强化学习","202、242、267","3","仅关键词候选，未逐题证实"
"第一章/1-4/9a3aba33-155b-4098-bdb6-21e5a017a68c.pdf","第一章","10","13","PDF文本层","71","监督学习、无监督学习与强化学习","202、242、267","3","仅关键词候选，未逐题证实"
"第一章/1-4/9a3aba33-155b-4098-bdb6-21e5a017a68c.pdf","第一章","11","13","PDF文本层","57","监督学习、无监督学习与强化学习","202、242、267","3","仅关键词候选，未逐题证实"
"第一章/1-4/9a3aba33-155b-4098-bdb6-21e5a017a68c.pdf","第一章","12","13","PDF文本层","205","监督学习、无监督学习与强化学习","202、242、267","3","仅关键词候选，未逐题证实"
"第一章/1-4/9a3aba33-155b-4098-bdb6-21e5a017a68c.pdf","第一章","13","13","PDF文本层","45","","","0","本页无已关联题目；不等于知识点已覆盖"
"第一章/1-4/a57acdc8-ae0d-4f0a-b260-9421d1dd02cc.pdf","第一章","1","15","PDF文本层","7","","","0","本页无已关联题目；不等于知识点已覆盖"
"第一章/1-4/a57acdc8-ae0d-4f0a-b260-9421d1dd02cc.pdf","第一章","2","15","PDF文本层","55","监督学习、无监督学习与强化学习","202、242、267","3","仅关键词候选，未逐题证实"
"第一章/1-4/a57acdc8-ae0d-4f0a-b260-9421d1dd02cc.pdf","第一章","3","15","PDF文本层","127","监督学习、无监督学习与强化学习","202、242、267","3","仅关键词候选，未逐题证实"
"第一章/1-4/a57acdc8-ae0d-4f0a-b260-9421d1dd02cc.pdf","第一章","4","15","PDF文本层","13","监督学习、无监督学习与强化学习","202、242、267","3","仅关键词候选，未逐题证实"
"第一章/1-4/a57acdc8-ae0d-4f0a-b260-9421d1dd02cc.pdf","第一章","5","15","PDF文本层","306","监督学习、无监督学习与强化学习","202、242、267","3","仅关键词候选，未逐题证实"
"第一章/1-4/a57acdc8-ae0d-4f0a-b260-9421d1dd02cc.pdf","第一章","6","15","PDF文本层","46","监督学习、无监督学习与强化学习","202、242、267","3","仅关键词候选，未逐题证实"
"第一章/1-4/a57acdc8-ae0d-4f0a-b260-9421d1dd02cc.pdf","第一章","7","15","PDF文本层","109","监督学习、无监督学习与强化学习","202、242、267","3","仅关键词候选，未逐题证实"
"第一章/1-4/a57acdc8-ae0d-4f0a-b260-9421d1dd02cc.pdf","第一章","8","15","PDF文本层","289","监督学习、无监督学习与强化学习","202、242、267","3","仅关键词候选，未逐题证实"
"第一章/1-4/a57acdc8-ae0d-4f0a-b260-9421d1dd02cc.pdf","第一章","9","15","PDF文本层","67","监督学习、无监督学习与强化学习","202、242、267","3","仅关键词候选，未逐题证实"
"第一章/1-4/a57acdc8-ae0d-4f0a-b260-9421d1dd02cc.pdf","第一章","10","15","PDF文本层","31","监督学习、无监督学习与强化学习","202、242、267","3","仅关键词候选，未逐题证实"
"第一章/1-4/a57acdc8-ae0d-4f0a-b260-9421d1dd02cc.pdf","第一章","11","15","PDF文本层","139","监督学习、无监督学习与强化学习","202、242、267","3","仅关键词候选，未逐题证实"
"第一章/1-4/a57acdc8-ae0d-4f0a-b260-9421d1dd02cc.pdf","第一章","12","15","PDF文本层","259","监督学习、无监督学习与强化学习","202、242、267","3","仅关键词候选，未逐题证实"
"第一章/1-4/a57acdc8-ae0d-4f0a-b260-9421d1dd02cc.pdf","第一章","13","15","PDF文本层","142","监督学习、无监督学习与强化学习","202、242、267","3","仅关键词候选，未逐题证实"
"第一章/1-4/a57acdc8-ae0d-4f0a-b260-9421d1dd02cc.pdf","第一章","14","15","PDF文本层","185","监督学习、无监督学习与强化学习","202、242、267","3","仅关键词候选，未逐题证实"
"第一章/1-4/a57acdc8-ae0d-4f0a-b260-9421d1dd02cc.pdf","第一章","15","15","PDF文本层","45","","","0","本页无已关联题目；不等于知识点已覆盖"
"第一章/1-4/b1cebeb6-412a-4251-b439-910058d1f111.pdf","第一章","1","22","PDF文本层","7","","","0","本页无已关联题目；不等于知识点已覆盖"
"第一章/1-4/b1cebeb6-412a-4251-b439-910058d1f111.pdf","第一章","2","22","PDF文本层","55","监督学习、无监督学习与强化学习","202、242、267","3","仅关键词候选，未逐题证实"
"第一章/1-4/b1cebeb6-412a-4251-b439-910058d1f111.pdf","第一章","3","22","PDF文本层","60","监督学习、无监督学习与强化学习","202、242、267","3","仅关键词候选，未逐题证实"
"第一章/1-4/b1cebeb6-412a-4251-b439-910058d1f111.pdf","第一章","4","22","PDF文本层","37","监督学习、无监督学习与强化学习","202、242、267","3","仅关键词候选，未逐题证实"
"第一章/1-4/b1cebeb6-412a-4251-b439-910058d1f111.pdf","第一章","5","22","PDF文本层","282","监督学习、无监督学习与强化学习","202、242、267","3","仅关键词候选，未逐题证实"
"第一章/1-4/b1cebeb6-412a-4251-b439-910058d1f111.pdf","第一章","6","22","PDF文本层","84","监督学习、无监督学习与强化学习","202、242、267","3","仅关键词候选，未逐题证实"
"第一章/1-4/b1cebeb6-412a-4251-b439-910058d1f111.pdf","第一章","7","22","PDF文本层","113","监督学习、无监督学习与强化学习","202、242、267","3","仅关键词候选，未逐题证实"
"第一章/1-4/b1cebeb6-412a-4251-b439-910058d1f111.pdf","第一章","8","22","PDF文本层","96","监督学习、无监督学习与强化学习","202、242、267","3","仅关键词候选，未逐题证实"
"第一章/1-4/b1cebeb6-412a-4251-b439-910058d1f111.pdf","第一章","9","22","PDF文本层","86","监督学习、无监督学习与强化学习","202、242、267","3","仅关键词候选，未逐题证实"
"第一章/1-4/b1cebeb6-412a-4251-b439-910058d1f111.pdf","第一章","10","22","PDF文本层","142","监督学习、无监督学习与强化学习","202、242、267","3","仅关键词候选，未逐题证实"
"第一章/1-4/b1cebeb6-412a-4251-b439-910058d1f111.pdf","第一章","11","22","PDF文本层","94","监督学习、无监督学习与强化学习","202、242、267","3","仅关键词候选，未逐题证实"
"第一章/1-4/b1cebeb6-412a-4251-b439-910058d1f111.pdf","第一章","12","22","PDF文本层","217","监督学习、无监督学习与强化学习","202、242、267","3","仅关键词候选，未逐题证实"
"第一章/1-4/b1cebeb6-412a-4251-b439-910058d1f111.pdf","第一章","13","22","PDF文本层","108","监督学习、无监督学习与强化学习","202、242、267","3","仅关键词候选，未逐题证实"
"第一章/1-4/b1cebeb6-412a-4251-b439-910058d1f111.pdf","第一章","14","22","PDF文本层","204","监督学习、无监督学习与强化学习","202、242、267","3","仅关键词候选，未逐题证实"
"第一章/1-4/b1cebeb6-412a-4251-b439-910058d1f111.pdf","第一章","15","22","PDF文本层","162","监督学习、无监督学习与强化学习","202、242、267","3","仅关键词候选，未逐题证实"
"第一章/1-4/b1cebeb6-412a-4251-b439-910058d1f111.pdf","第一章","16","22","PDF文本层","45","监督学习、无监督学习与强化学习","202、242、267","3","仅关键词候选，未逐题证实"
"第一章/1-4/b1cebeb6-412a-4251-b439-910058d1f111.pdf","第一章","17","22","PDF文本层","110","监督学习、无监督学习与强化学习","202、242、267","3","仅关键词候选，未逐题证实"
"第一章/1-4/b1cebeb6-412a-4251-b439-910058d1f111.pdf","第一章","18","22","PDF文本层","144","监督学习、无监督学习与强化学习","202、242、267","3","仅关键词候选，未逐题证实"
"第一章/1-4/b1cebeb6-412a-4251-b439-910058d1f111.pdf","第一章","19","22","PDF文本层","238","监督学习、无监督学习与强化学习","202、242、267","3","仅关键词候选，未逐题证实"
"第一章/1-4/b1cebeb6-412a-4251-b439-910058d1f111.pdf","第一章","20","22","PDF文本层","188","监督学习、无监督学习与强化学习","202、242、267","3","仅关键词候选，未逐题证实"
"第一章/1-4/b1cebeb6-412a-4251-b439-910058d1f111.pdf","第一章","21","22","PDF文本层","50","监督学习、无监督学习与强化学习","202、242、267","3","仅关键词候选，未逐题证实"
"第一章/1-4/b1cebeb6-412a-4251-b439-910058d1f111.pdf","第一章","22","22","PDF文本层","45","","","0","本页无已关联题目；不等于知识点已覆盖"
"第一章/1-4/f4806738-d69d-41b3-b725-d59df5df3991.pdf","第一章","1","15","PDF文本层","7","","","0","本页无已关联题目；不等于知识点已覆盖"
"第一章/1-4/f4806738-d69d-41b3-b725-d59df5df3991.pdf","第一章","2","15","PDF文本层","55","监督学习、无监督学习与强化学习","202、242、267","3","仅关键词候选，未逐题证实"
"第一章/1-4/f4806738-d69d-41b3-b725-d59df5df3991.pdf","第一章","3","15","PDF文本层","219","监督学习、无监督学习与强化学习","202、242、267","3","仅关键词候选，未逐题证实"
"第一章/1-4/f4806738-d69d-41b3-b725-d59df5df3991.pdf","第一章","4","15","PDF文本层","88","监督学习、无监督学习与强化学习","202、242、267","3","仅关键词候选，未逐题证实"
"第一章/1-4/f4806738-d69d-41b3-b725-d59df5df3991.pdf","第一章","5","15","PDF文本层","26","监督学习、无监督学习与强化学习","202、242、267","3","仅关键词候选，未逐题证实"
"第一章/1-4/f4806738-d69d-41b3-b725-d59df5df3991.pdf","第一章","6","15","PDF文本层","70","监督学习、无监督学习与强化学习","202、242、267","3","仅关键词候选，未逐题证实"
"第一章/1-4/f4806738-d69d-41b3-b725-d59df5df3991.pdf","第一章","7","15","PDF文本层","89","监督学习、无监督学习与强化学习","202、242、267","3","仅关键词候选，未逐题证实"
"第一章/1-4/f4806738-d69d-41b3-b725-d59df5df3991.pdf","第一章","8","15","PDF文本层","54","监督学习、无监督学习与强化学习；优化算法 SGD 与 Adam","202、222、242、267","4","仅关键词候选，未逐题证实"
"第一章/1-4/f4806738-d69d-41b3-b725-d59df5df3991.pdf","第一章","9","15","PDF文本层","95","监督学习、无监督学习与强化学习","202、242、267","3","仅关键词候选，未逐题证实"
"第一章/1-4/f4806738-d69d-41b3-b725-d59df5df3991.pdf","第一章","10","15","PDF文本层","109","监督学习、无监督学习与强化学习","202、242、267","3","仅关键词候选，未逐题证实"
"第一章/1-4/f4806738-d69d-41b3-b725-d59df5df3991.pdf","第一章","11","15","PDF文本层","170","监督学习、无监督学习与强化学习","202、242、267","3","仅关键词候选，未逐题证实"
"第一章/1-4/f4806738-d69d-41b3-b725-d59df5df3991.pdf","第一章","12","15","PDF文本层","74","监督学习、无监督学习与强化学习","202、242、267","3","仅关键词候选，未逐题证实"
"第一章/1-4/f4806738-d69d-41b3-b725-d59df5df3991.pdf","第一章","13","15","PDF文本层","103","监督学习、无监督学习与强化学习","202、242、267","3","仅关键词候选，未逐题证实"
"第一章/1-4/f4806738-d69d-41b3-b725-d59df5df3991.pdf","第一章","14","15","PDF文本层","149","监督学习、无监督学习与强化学习","202、242、267","3","仅关键词候选，未逐题证实"
"第一章/1-4/f4806738-d69d-41b3-b725-d59df5df3991.pdf","第一章","15","15","PDF文本层","45","","","0","本页无已关联题目；不等于知识点已覆盖"
"第一章/1-5/1040e7a8-45ef-470d-b5c0-0215509f52af.pdf","第一章","1","12","PDF文本层","7","深度学习","203、243、268","3","仅关键词候选，未逐题证实"
"第一章/1-5/1040e7a8-45ef-470d-b5c0-0215509f52af.pdf","第一章","2","12","PDF文本层","114","深度学习","203、243、268","3","仅关键词候选，未逐题证实"
"第一章/1-5/1040e7a8-45ef-470d-b5c0-0215509f52af.pdf","第一章","3","12","PDF文本层","103","卷积局部感受野；深度学习；卷积神经网络 CNN；TFX、Hugging Face 与 TensorRT","184、203、204、208、243、244、248、268、269","9","仅关键词候选，未逐题证实"
"第一章/1-5/1040e7a8-45ef-470d-b5c0-0215509f52af.pdf","第一章","4","12","PDF文本层","80","深度学习","203、243、268","3","仅关键词候选，未逐题证实"
"第一章/1-5/1040e7a8-45ef-470d-b5c0-0215509f52af.pdf","第一章","5","12","PDF文本层","110","卷积局部感受野；深度学习；卷积神经网络 CNN","184、203、204、243、244、268、269","7","仅关键词候选，未逐题证实"
"第一章/1-5/1040e7a8-45ef-470d-b5c0-0215509f52af.pdf","第一章","6","12","PDF文本层","154","图像数据标注；深度学习","51、97、131、203、243、268","6","仅关键词候选，未逐题证实"
"第一章/1-5/1040e7a8-45ef-470d-b5c0-0215509f52af.pdf","第一章","7","12","PDF文本层","162","深度学习","203、243、268","3","仅关键词候选，未逐题证实"
"第一章/1-5/1040e7a8-45ef-470d-b5c0-0215509f52af.pdf","第一章","8","12","PDF文本层","77","声纹识别任务；深度学习；语音合成方向；语音任务接口设计","100、203、243、268、278、403","6","已定位依据题：100、278、403；另有关键词候选题：203、243、268"
"第一章/1-5/1040e7a8-45ef-470d-b5c0-0215509f52af.pdf","第一章","9","12","PDF文本层","26","深度学习","203、243、268","3","仅关键词候选，未逐题证实"
"第一章/1-5/1040e7a8-45ef-470d-b5c0-0215509f52af.pdf","第一章","10","12","PDF文本层","44","深度学习；TFX、Hugging Face 与 TensorRT","203、208、243、248、268","5","仅关键词候选，未逐题证实"
"第一章/1-5/1040e7a8-45ef-470d-b5c0-0215509f52af.pdf","第一章","11","12","PDF文本层","19","深度学习","203、243、268","3","仅关键词候选，未逐题证实"
"第一章/1-5/1040e7a8-45ef-470d-b5c0-0215509f52af.pdf","第一章","12","12","PDF文本层","45","","","0","本页无已关联题目；不等于知识点已覆盖"
"第一章/1-5/22b330bd-4f4e-4f5a-ad5e-4790063fa35c.pdf","第一章","1","13","PDF文本层","7","深度学习","203、243、268","3","仅关键词候选，未逐题证实"
"第一章/1-5/22b330bd-4f4e-4f5a-ad5e-4790063fa35c.pdf","第一章","2","13","PDF文本层","37","附件题目 · 基础知识","101、102、103、151、152、181","6","仅关键词候选，未逐题证实"
"第一章/1-5/22b330bd-4f4e-4f5a-ad5e-4790063fa35c.pdf","第一章","3","13","PDF文本层","72","卷积局部感受野；深度学习；卷积神经网络 CNN","184、203、204、243、244、268、269","7","仅关键词候选，未逐题证实"
"第一章/1-5/22b330bd-4f4e-4f5a-ad5e-4790063fa35c.pdf","第一章","4","13","PDF文本层","72","卷积局部感受野；深度学习；卷积神经网络 CNN","184、203、204、243、244、268、269","7","仅关键词候选，未逐题证实"
"第一章/1-5/22b330bd-4f4e-4f5a-ad5e-4790063fa35c.pdf","第一章","5","13","PDF文本层","83","深度学习；GPU 虚拟化 MIG 与远程共享；CUDA 数值计算库","203、226、243、268、344","5","仅关键词候选，未逐题证实"
"第一章/1-5/22b330bd-4f4e-4f5a-ad5e-4790063fa35c.pdf","第一章","6","13","PDF文本层","130","深度学习","203、243、268","3","仅关键词候选，未逐题证实"
"第一章/1-5/22b330bd-4f4e-4f5a-ad5e-4790063fa35c.pdf","第一章","7","13","PDF文本层","39","深度学习","203、243、268","3","仅关键词候选，未逐题证实"
"第一章/1-5/22b330bd-4f4e-4f5a-ad5e-4790063fa35c.pdf","第一章","8","13","PDF文本层","17","深度学习","203、243、268","3","仅关键词候选，未逐题证实"
"第一章/1-5/22b330bd-4f4e-4f5a-ad5e-4790063fa35c.pdf","第一章","9","13","PDF文本层","23","深度学习","203、243、268","3","仅关键词候选，未逐题证实"
"第一章/1-5/22b330bd-4f4e-4f5a-ad5e-4790063fa35c.pdf","第一章","10","13","PDF文本层","55","深度学习；非功能需求","203、243、268、282、302、318","6","仅关键词候选，未逐题证实"
"第一章/1-5/22b330bd-4f4e-4f5a-ad5e-4790063fa35c.pdf","第一章","11","13","PDF文本层","19","深度学习","203、243、268","3","仅关键词候选，未逐题证实"
"第一章/1-5/22b330bd-4f4e-4f5a-ad5e-4790063fa35c.pdf","第一章","12","13","PDF文本层","126","深度学习","203、243、268","3","仅关键词候选，未逐题证实"
"第一章/1-5/22b330bd-4f4e-4f5a-ad5e-4790063fa35c.pdf","第一章","13","13","PDF文本层","45","","","0","本页无已关联题目；不等于知识点已覆盖"
"第一章/1-5/3226f098-2cd4-4045-a883-3f7d575b6e64.pdf","第一章","1","15","PDF文本层","69","卷积局部感受野；深度学习；卷积神经网络 CNN","184、203、204、243、244、268、269","7","仅关键词候选，未逐题证实"
"第一章/1-5/3226f098-2cd4-4045-a883-3f7d575b6e64.pdf","第一章","2","15","PDF文本层","118","","","0","本页无已关联题目；不等于知识点已覆盖"
"第一章/1-5/3226f098-2cd4-4045-a883-3f7d575b6e64.pdf","第一章","3","15","PDF文本层","131","","","0","本页无已关联题目；不等于知识点已覆盖"
"第一章/1-5/3226f098-2cd4-4045-a883-3f7d575b6e64.pdf","第一章","4","15","PDF文本层","19","","","0","本页无已关联题目；不等于知识点已覆盖"
"第一章/1-5/3226f098-2cd4-4045-a883-3f7d575b6e64.pdf","第一章","5","15","PDF文本层","55","","","0","本页无已关联题目；不等于知识点已覆盖"
"第一章/1-5/3226f098-2cd4-4045-a883-3f7d575b6e64.pdf","第一章","6","15","PDF文本层","238","","","0","本页无已关联题目；不等于知识点已覆盖"
"第一章/1-5/3226f098-2cd4-4045-a883-3f7d575b6e64.pdf","第一章","7","15","PDF文本层","108","","","0","本页无已关联题目；不等于知识点已覆盖"
"第一章/1-5/3226f098-2cd4-4045-a883-3f7d575b6e64.pdf","第一章","8","15","PDF文本层","19","","","0","本页无已关联题目；不等于知识点已覆盖"
"第一章/1-5/3226f098-2cd4-4045-a883-3f7d575b6e64.pdf","第一章","9","15","PDF文本层","167","LSTM状态结构；LSTM与普通RNN","270、401","2","已定位依据题：270、401"
"第一章/1-5/3226f098-2cd4-4045-a883-3f7d575b6e64.pdf","第一章","10","15","PDF文本层","82","LSTM遗忘门","362","1","已定位依据题：362"
"第一章/1-5/3226f098-2cd4-4045-a883-3f7d575b6e64.pdf","第一章","11","15","PDF文本层","83","LSTM输入门","363","1","已定位依据题：363"
"第一章/1-5/3226f098-2cd4-4045-a883-3f7d575b6e64.pdf","第一章","12","15","PDF文本层","84","LSTM输出门","364","1","已定位依据题：364"
"第一章/1-5/3226f098-2cd4-4045-a883-3f7d575b6e64.pdf","第一章","13","15","PDF文本层","51","","","0","本页无已关联题目；不等于知识点已覆盖"
"第一章/1-5/3226f098-2cd4-4045-a883-3f7d575b6e64.pdf","第一章","14","15","PDF文本层","193","","","0","本页无已关联题目；不等于知识点已覆盖"
"第一章/1-5/3226f098-2cd4-4045-a883-3f7d575b6e64.pdf","第一章","15","15","PDF文本层","27","","","0","本页无已关联题目；不等于知识点已覆盖"
"第一章/1-5/4fc630f7-1fb8-4c83-9332-b93afcfa7f67.pdf","第一章","1","19","PDF文本层","7","深度学习","203、243、268","3","仅关键词候选，未逐题证实"
"第一章/1-5/4fc630f7-1fb8-4c83-9332-b93afcfa7f67.pdf","第一章","2","19","PDF文本层","39","","","0","本页无已关联题目；不等于知识点已覆盖"
"第一章/1-5/4fc630f7-1fb8-4c83-9332-b93afcfa7f67.pdf","第一章","3","19","PDF文本层","188","","","0","本页无已关联题目；不等于知识点已覆盖"
"第一章/1-5/4fc630f7-1fb8-4c83-9332-b93afcfa7f67.pdf","第一章","4","19","PDF文本层","82","","","0","本页无已关联题目；不等于知识点已覆盖"
"第一章/1-5/4fc630f7-1fb8-4c83-9332-b93afcfa7f67.pdf","第一章","5","19","PDF文本层","141","","","0","本页无已关联题目；不等于知识点已覆盖"
"第一章/1-5/4fc630f7-1fb8-4c83-9332-b93afcfa7f67.pdf","第一章","6","19","PDF文本层","22","","","0","本页无已关联题目；不等于知识点已覆盖"
"第一章/1-5/4fc630f7-1fb8-4c83-9332-b93afcfa7f67.pdf","第一章","7","19","PDF文本层","218","","","0","本页无已关联题目；不等于知识点已覆盖"
"第一章/1-5/4fc630f7-1fb8-4c83-9332-b93afcfa7f67.pdf","第一章","8","19","PDF文本层","165","","","0","本页无已关联题目；不等于知识点已覆盖"
"第一章/1-5/4fc630f7-1fb8-4c83-9332-b93afcfa7f67.pdf","第一章","9","19","PDF文本层","20","","","0","本页无已关联题目；不等于知识点已覆盖"
"第一章/1-5/4fc630f7-1fb8-4c83-9332-b93afcfa7f67.pdf","第一章","10","19","PDF文本层","20","","","0","本页无已关联题目；不等于知识点已覆盖"
"第一章/1-5/4fc630f7-1fb8-4c83-9332-b93afcfa7f67.pdf","第一章","11","19","PDF文本层","56","","","0","本页无已关联题目；不等于知识点已覆盖"
"第一章/1-5/4fc630f7-1fb8-4c83-9332-b93afcfa7f67.pdf","第一章","12","19","PDF文本层","32","","","0","本页无已关联题目；不等于知识点已覆盖"
"第一章/1-5/4fc630f7-1fb8-4c83-9332-b93afcfa7f67.pdf","第一章","13","19","PDF文本层","69","","","0","本页无已关联题目；不等于知识点已覆盖"
"第一章/1-5/4fc630f7-1fb8-4c83-9332-b93afcfa7f67.pdf","第一章","14","19","PDF文本层","358","","","0","本页无已关联题目；不等于知识点已覆盖"
"第一章/1-5/4fc630f7-1fb8-4c83-9332-b93afcfa7f67.pdf","第一章","15","19","PDF文本层","351","","","0","本页无已关联题目；不等于知识点已覆盖"
"第一章/1-5/4fc630f7-1fb8-4c83-9332-b93afcfa7f67.pdf","第一章","16","19","PDF文本层","450","","","0","本页无已关联题目；不等于知识点已覆盖"
"第一章/1-5/4fc630f7-1fb8-4c83-9332-b93afcfa7f67.pdf","第一章","17","19","PDF文本层","205","","","0","本页无已关联题目；不等于知识点已覆盖"
"第一章/1-5/4fc630f7-1fb8-4c83-9332-b93afcfa7f67.pdf","第一章","18","19","PDF文本层","27","","","0","本页无已关联题目；不等于知识点已覆盖"
"第一章/1-5/4fc630f7-1fb8-4c83-9332-b93afcfa7f67.pdf","第一章","19","19","PDF文本层","27","","","0","本页无已关联题目；不等于知识点已覆盖"
"第一章/1-5/58028cf1-eeb1-4232-978e-952095cfa1bd.pdf","第一章","1","13","PDF文本层","7","深度学习","203、243、268","3","仅关键词候选，未逐题证实"
"第一章/1-5/58028cf1-eeb1-4232-978e-952095cfa1bd.pdf","第一章","2","13","PDF文本层","72","卷积局部感受野；深度学习；卷积神经网络 CNN","184、203、204、243、244、268、269","7","仅关键词候选，未逐题证实"
"第一章/1-5/58028cf1-eeb1-4232-978e-952095cfa1bd.pdf","第一章","3","13","PDF文本层","79","","","0","本页无已关联题目；不等于知识点已覆盖"
"第一章/1-5/58028cf1-eeb1-4232-978e-952095cfa1bd.pdf","第一章","4","13","PDF文本层","172","","","0","本页无已关联题目；不等于知识点已覆盖"
"第一章/1-5/58028cf1-eeb1-4232-978e-952095cfa1bd.pdf","第一章","5","13","PDF文本层","200","","","0","本页无已关联题目；不等于知识点已覆盖"
"第一章/1-5/58028cf1-eeb1-4232-978e-952095cfa1bd.pdf","第一章","6","13","PDF文本层","382","优化算法 SGD 与 Adam","222","1","仅关键词候选，未逐题证实"
"第一章/1-5/58028cf1-eeb1-4232-978e-952095cfa1bd.pdf","第一章","7","13","PDF文本层","173","","","0","本页无已关联题目；不等于知识点已覆盖"
"第一章/1-5/58028cf1-eeb1-4232-978e-952095cfa1bd.pdf","第一章","8","13","PDF文本层","86","","","0","本页无已关联题目；不等于知识点已覆盖"
"第一章/1-5/58028cf1-eeb1-4232-978e-952095cfa1bd.pdf","第一章","9","13","PDF文本层","94","","","0","本页无已关联题目；不等于知识点已覆盖"
"第一章/1-5/58028cf1-eeb1-4232-978e-952095cfa1bd.pdf","第一章","10","13","PDF文本层","44","","","0","本页无已关联题目；不等于知识点已覆盖"
"第一章/1-5/58028cf1-eeb1-4232-978e-952095cfa1bd.pdf","第一章","11","13","PDF文本层","128","深度学习","203、243、268","3","仅关键词候选，未逐题证实"
"第一章/1-5/58028cf1-eeb1-4232-978e-952095cfa1bd.pdf","第一章","12","13","PDF文本层","100","","","0","本页无已关联题目；不等于知识点已覆盖"
"第一章/1-5/58028cf1-eeb1-4232-978e-952095cfa1bd.pdf","第一章","13","13","PDF文本层","45","","","0","本页无已关联题目；不等于知识点已覆盖"
"第一章/1-5/591a947b-72b5-4a04-b286-de288fd513c0.pdf","第一章","1","14","PDF文本层","7","深度学习","203、243、268","3","仅关键词候选，未逐题证实"
"第一章/1-5/591a947b-72b5-4a04-b286-de288fd513c0.pdf","第一章","2","14","PDF文本层","175","","","0","本页无已关联题目；不等于知识点已覆盖"
"第一章/1-5/591a947b-72b5-4a04-b286-de288fd513c0.pdf","第一章","3","14","PDF文本层","183","","","0","本页无已关联题目；不等于知识点已覆盖"
"第一章/1-5/591a947b-72b5-4a04-b286-de288fd513c0.pdf","第一章","4","14","PDF文本层","146","优化算法 SGD 与 Adam","222","1","仅关键词候选，未逐题证实"
"第一章/1-5/591a947b-72b5-4a04-b286-de288fd513c0.pdf","第一章","5","14","PDF文本层","223","","","0","本页无已关联题目；不等于知识点已覆盖"
"第一章/1-5/591a947b-72b5-4a04-b286-de288fd513c0.pdf","第一章","6","14","PDF文本层","25","","","0","本页无已关联题目；不等于知识点已覆盖"
"第一章/1-5/591a947b-72b5-4a04-b286-de288fd513c0.pdf","第一章","7","14","PDF文本层","125","","","0","本页无已关联题目；不等于知识点已覆盖"
"第一章/1-5/591a947b-72b5-4a04-b286-de288fd513c0.pdf","第一章","8","14","PDF文本层","26","","","0","本页无已关联题目；不等于知识点已覆盖"
"第一章/1-5/591a947b-72b5-4a04-b286-de288fd513c0.pdf","第一章","9","14","PDF文本层","95","","","0","本页无已关联题目；不等于知识点已覆盖"
"第一章/1-5/591a947b-72b5-4a04-b286-de288fd513c0.pdf","第一章","10","14","PDF文本层","326","","","0","本页无已关联题目；不等于知识点已覆盖"
"第一章/1-5/591a947b-72b5-4a04-b286-de288fd513c0.pdf","第一章","11","14","PDF文本层","227","","","0","本页无已关联题目；不等于知识点已覆盖"
"第一章/1-5/591a947b-72b5-4a04-b286-de288fd513c0.pdf","第一章","12","14","PDF文本层","68","","","0","本页无已关联题目；不等于知识点已覆盖"
"第一章/1-5/591a947b-72b5-4a04-b286-de288fd513c0.pdf","第一章","13","14","PDF文本层","72","卷积局部感受野；深度学习；卷积神经网络 CNN","184、203、204、243、244、268、269","7","仅关键词候选，未逐题证实"
"第一章/1-5/591a947b-72b5-4a04-b286-de288fd513c0.pdf","第一章","14","14","PDF文本层","27","","","0","本页无已关联题目；不等于知识点已覆盖"
"第一章/1-5/5df9d078-31bb-4fb8-903b-46b4f3aaad69.pdf","第一章","1","14","PDF文本层","7","深度学习","203、243、268","3","仅关键词候选，未逐题证实"
"第一章/1-5/5df9d078-31bb-4fb8-903b-46b4f3aaad69.pdf","第一章","2","14","PDF文本层","72","卷积局部感受野；深度学习；卷积神经网络 CNN","184、203、204、243、244、268、269","7","仅关键词候选，未逐题证实"
"第一章/1-5/5df9d078-31bb-4fb8-903b-46b4f3aaad69.pdf","第一章","3","14","PDF文本层","173","","","0","本页无已关联题目；不等于知识点已覆盖"
"第一章/1-5/5df9d078-31bb-4fb8-903b-46b4f3aaad69.pdf","第一章","4","14","PDF文本层","11","","","0","本页无已关联题目；不等于知识点已覆盖"
"第一章/1-5/5df9d078-31bb-4fb8-903b-46b4f3aaad69.pdf","第一章","5","14","PDF文本层","89","","","0","本页无已关联题目；不等于知识点已覆盖"
"第一章/1-5/5df9d078-31bb-4fb8-903b-46b4f3aaad69.pdf","第一章","6","14","PDF文本层","102","","","0","本页无已关联题目；不等于知识点已覆盖"
"第一章/1-5/5df9d078-31bb-4fb8-903b-46b4f3aaad69.pdf","第一章","7","14","PDF文本层","45","","","0","本页无已关联题目；不等于知识点已覆盖"
"第一章/1-5/5df9d078-31bb-4fb8-903b-46b4f3aaad69.pdf","第一章","8","14","PDF文本层","53","","","0","本页无已关联题目；不等于知识点已覆盖"
"第一章/1-5/5df9d078-31bb-4fb8-903b-46b4f3aaad69.pdf","第一章","9","14","PDF文本层","66","","","0","本页无已关联题目；不等于知识点已覆盖"
"第一章/1-5/5df9d078-31bb-4fb8-903b-46b4f3aaad69.pdf","第一章","10","14","PDF文本层","48","","","0","本页无已关联题目；不等于知识点已覆盖"
"第一章/1-5/5df9d078-31bb-4fb8-903b-46b4f3aaad69.pdf","第一章","11","14","PDF文本层","113","","","0","本页无已关联题目；不等于知识点已覆盖"
"第一章/1-5/5df9d078-31bb-4fb8-903b-46b4f3aaad69.pdf","第一章","12","14","PDF文本层","36","","","0","本页无已关联题目；不等于知识点已覆盖"
"第一章/1-5/5df9d078-31bb-4fb8-903b-46b4f3aaad69.pdf","第一章","13","14","PDF文本层","233","","","0","本页无已关联题目；不等于知识点已覆盖"
"第一章/1-5/5df9d078-31bb-4fb8-903b-46b4f3aaad69.pdf","第一章","14","14","PDF文本层","27","","","0","本页无已关联题目；不等于知识点已覆盖"
"第一章/1-5/87a638e5-476b-4638-ada6-3ade2d9e2ce7.pdf","第一章","1","9","PDF文本层","7","深度学习","203、243、268","3","仅关键词候选，未逐题证实"
"第一章/1-5/87a638e5-476b-4638-ada6-3ade2d9e2ce7.pdf","第一章","2","9","PDF文本层","69","卷积局部感受野；深度学习；卷积神经网络 CNN","184、203、204、243、244、268、269","7","仅关键词候选，未逐题证实"
"第一章/1-5/87a638e5-476b-4638-ada6-3ade2d9e2ce7.pdf","第一章","3","9","PDF文本层","100","图像数据标注；卷积局部感受野；深度学习；卷积神经网络 CNN","51、97、131、184、203、204、243、244、268、269","10","仅关键词候选，未逐题证实"
"第一章/1-5/87a638e5-476b-4638-ada6-3ade2d9e2ce7.pdf","第一章","4","9","PDF文本层","78","卷积局部感受野；卷积神经网络 CNN","184、204、244、269","4","仅关键词候选，未逐题证实"
"第一章/1-5/87a638e5-476b-4638-ada6-3ade2d9e2ce7.pdf","第一章","5","9","PDF文本层","207","卷积局部感受野；卷积神经网络 CNN","184、204、244、269","4","仅关键词候选，未逐题证实"
"第一章/1-5/87a638e5-476b-4638-ada6-3ade2d9e2ce7.pdf","第一章","6","9","PDF文本层","178","卷积局部感受野；卷积神经网络 CNN","184、204、244、269","4","仅关键词候选，未逐题证实"
"第一章/1-5/87a638e5-476b-4638-ada6-3ade2d9e2ce7.pdf","第一章","7","9","PDF文本层","36","卷积局部感受野；卷积神经网络 CNN","184、204、244、269","4","仅关键词候选，未逐题证实"
"第一章/1-5/87a638e5-476b-4638-ada6-3ade2d9e2ce7.pdf","第一章","8","9","PDF文本层","180","卷积局部感受野；卷积神经网络 CNN","184、204、244、269","4","仅关键词候选，未逐题证实"
"第一章/1-5/87a638e5-476b-4638-ada6-3ade2d9e2ce7.pdf","第一章","9","9","PDF文本层","45","","","0","本页无已关联题目；不等于知识点已覆盖"
"第一章/1-5/967e8ed7-d245-4bdf-ab79-fc8c45a508e5.pdf","第一章","1","16","PDF文本层","7","深度学习","203、243、268","3","仅关键词候选，未逐题证实"
"第一章/1-5/967e8ed7-d245-4bdf-ab79-fc8c45a508e5.pdf","第一章","2","16","PDF文本层","190","卷积局部感受野；卷积神经网络 CNN","184、204、244、269","4","仅关键词候选，未逐题证实"
"第一章/1-5/967e8ed7-d245-4bdf-ab79-fc8c45a508e5.pdf","第一章","3","16","PDF文本层","79","卷积局部感受野；卷积神经网络 CNN","184、204、244、269","4","仅关键词候选，未逐题证实"
"第一章/1-5/967e8ed7-d245-4bdf-ab79-fc8c45a508e5.pdf","第一章","4","16","PDF文本层","184","卷积局部感受野；卷积神经网络 CNN","184、204、244、269","4","仅关键词候选，未逐题证实"
"第一章/1-5/967e8ed7-d245-4bdf-ab79-fc8c45a508e5.pdf","第一章","5","16","PDF文本层","71","卷积局部感受野；卷积神经网络 CNN","184、204、244、269","4","仅关键词候选，未逐题证实"
"第一章/1-5/967e8ed7-d245-4bdf-ab79-fc8c45a508e5.pdf","第一章","6","16","PDF文本层","86","卷积局部感受野；卷积神经网络 CNN","184、204、244、269","4","仅关键词候选，未逐题证实"
"第一章/1-5/967e8ed7-d245-4bdf-ab79-fc8c45a508e5.pdf","第一章","7","16","PDF文本层","139","卷积局部感受野；卷积神经网络 CNN","184、204、244、269","4","仅关键词候选，未逐题证实"
"第一章/1-5/967e8ed7-d245-4bdf-ab79-fc8c45a508e5.pdf","第一章","8","16","PDF文本层","95","卷积局部感受野；卷积神经网络 CNN","184、204、244、269","4","仅关键词候选，未逐题证实"
"第一章/1-5/967e8ed7-d245-4bdf-ab79-fc8c45a508e5.pdf","第一章","9","16","PDF文本层","62","卷积局部感受野；深度学习；卷积神经网络 CNN","184、203、204、243、244、268、269","7","仅关键词候选，未逐题证实"
"第一章/1-5/967e8ed7-d245-4bdf-ab79-fc8c45a508e5.pdf","第一章","10","16","PDF文本层","105","卷积局部感受野；卷积神经网络 CNN","184、204、244、269","4","仅关键词候选，未逐题证实"
"第一章/1-5/967e8ed7-d245-4bdf-ab79-fc8c45a508e5.pdf","第一章","11","16","PDF文本层","208","卷积局部感受野；卷积神经网络 CNN","184、204、244、269","4","仅关键词候选，未逐题证实"
"第一章/1-5/967e8ed7-d245-4bdf-ab79-fc8c45a508e5.pdf","第一章","12","16","PDF文本层","207","卷积局部感受野；卷积神经网络 CNN","184、204、244、269","4","仅关键词候选，未逐题证实"
"第一章/1-5/967e8ed7-d245-4bdf-ab79-fc8c45a508e5.pdf","第一章","13","16","PDF文本层","136","卷积局部感受野；卷积神经网络 CNN","184、204、244、269","4","仅关键词候选，未逐题证实"
"第一章/1-5/967e8ed7-d245-4bdf-ab79-fc8c45a508e5.pdf","第一章","14","16","PDF文本层","190","卷积局部感受野；卷积神经网络 CNN","184、204、244、269","4","仅关键词候选，未逐题证实"
"第一章/1-5/967e8ed7-d245-4bdf-ab79-fc8c45a508e5.pdf","第一章","15","16","PDF文本层","34","卷积局部感受野；卷积神经网络 CNN","184、204、244、269","4","仅关键词候选，未逐题证实"
"第一章/1-5/967e8ed7-d245-4bdf-ab79-fc8c45a508e5.pdf","第一章","16","16","PDF文本层","27","","","0","本页无已关联题目；不等于知识点已覆盖"
"第一章/1-5/a3cb9869-1405-4d92-8ac1-6770d3957f60.pdf","第一章","1","14","PDF文本层","7","深度学习","203、243、268","3","仅关键词候选，未逐题证实"
"第一章/1-5/a3cb9869-1405-4d92-8ac1-6770d3957f60.pdf","第一章","2","14","PDF文本层","276","","","0","本页无已关联题目；不等于知识点已覆盖"
"第一章/1-5/a3cb9869-1405-4d92-8ac1-6770d3957f60.pdf","第一章","3","14","PDF文本层","139","","","0","本页无已关联题目；不等于知识点已覆盖"
"第一章/1-5/a3cb9869-1405-4d92-8ac1-6770d3957f60.pdf","第一章","4","14","PDF文本层","144","","","0","本页无已关联题目；不等于知识点已覆盖"
"第一章/1-5/a3cb9869-1405-4d92-8ac1-6770d3957f60.pdf","第一章","5","14","PDF文本层","145","","","0","本页无已关联题目；不等于知识点已覆盖"
"第一章/1-5/a3cb9869-1405-4d92-8ac1-6770d3957f60.pdf","第一章","6","14","PDF文本层","40","","","0","本页无已关联题目；不等于知识点已覆盖"
"第一章/1-5/a3cb9869-1405-4d92-8ac1-6770d3957f60.pdf","第一章","7","14","PDF文本层","83","深度学习；优化算法 SGD 与 Adam","203、222、243、268","4","仅关键词候选，未逐题证实"
"第一章/1-5/a3cb9869-1405-4d92-8ac1-6770d3957f60.pdf","第一章","8","14","PDF文本层","84","优化算法 SGD 与 Adam","222","1","仅关键词候选，未逐题证实"
"第一章/1-5/a3cb9869-1405-4d92-8ac1-6770d3957f60.pdf","第一章","9","14","PDF文本层","45","","","0","本页无已关联题目；不等于知识点已覆盖"
"第一章/1-5/a3cb9869-1405-4d92-8ac1-6770d3957f60.pdf","第一章","10","14","PDF文本层","51","","","0","本页无已关联题目；不等于知识点已覆盖"
"第一章/1-5/a3cb9869-1405-4d92-8ac1-6770d3957f60.pdf","第一章","11","14","PDF文本层","20","","","0","本页无已关联题目；不等于知识点已覆盖"
"第一章/1-5/a3cb9869-1405-4d92-8ac1-6770d3957f60.pdf","第一章","12","14","PDF文本层","20","","","0","本页无已关联题目；不等于知识点已覆盖"
"第一章/1-5/a3cb9869-1405-4d92-8ac1-6770d3957f60.pdf","第一章","13","14","PDF文本层","21","","","0","本页无已关联题目；不等于知识点已覆盖"
"第一章/1-5/a3cb9869-1405-4d92-8ac1-6770d3957f60.pdf","第一章","14","14","PDF文本层","42","","","0","本页无已关联题目；不等于知识点已覆盖"
"第一章/1-5/e50aef0a-ac3d-4775-a81e-b8e3cc73adf1.pdf","第一章","1","14","PDF文本层","7","深度学习","203、243、268","3","仅关键词候选，未逐题证实"
"第一章/1-5/e50aef0a-ac3d-4775-a81e-b8e3cc73adf1.pdf","第一章","2","14","PDF文本层","72","卷积局部感受野；深度学习；卷积神经网络 CNN","184、203、204、243、244、268、269","7","仅关键词候选，未逐题证实"
"第一章/1-5/e50aef0a-ac3d-4775-a81e-b8e3cc73adf1.pdf","第一章","3","14","PDF文本层","153","深度学习","203、243、268","3","仅关键词候选，未逐题证实"
"第一章/1-5/e50aef0a-ac3d-4775-a81e-b8e3cc73adf1.pdf","第一章","4","14","PDF文本层","190","深度学习；优化算法 SGD 与 Adam","203、222、243、268","4","仅关键词候选，未逐题证实"
"第一章/1-5/e50aef0a-ac3d-4775-a81e-b8e3cc73adf1.pdf","第一章","5","14","PDF文本层","42","深度学习","203、243、268","3","仅关键词候选，未逐题证实"
"第一章/1-5/e50aef0a-ac3d-4775-a81e-b8e3cc73adf1.pdf","第一章","6","14","PDF文本层","46","深度学习","203、243、268","3","仅关键词候选，未逐题证实"
"第一章/1-5/e50aef0a-ac3d-4775-a81e-b8e3cc73adf1.pdf","第一章","7","14","PDF文本层","134","深度学习","203、243、268","3","仅关键词候选，未逐题证实"
"第一章/1-5/e50aef0a-ac3d-4775-a81e-b8e3cc73adf1.pdf","第一章","8","14","PDF文本层","129","深度学习","203、243、268","3","仅关键词候选，未逐题证实"
"第一章/1-5/e50aef0a-ac3d-4775-a81e-b8e3cc73adf1.pdf","第一章","9","14","PDF文本层","233","深度学习","203、243、268","3","仅关键词候选，未逐题证实"
"第一章/1-5/e50aef0a-ac3d-4775-a81e-b8e3cc73adf1.pdf","第一章","10","14","PDF文本层","195","深度学习","203、243、268","3","仅关键词候选，未逐题证实"
"第一章/1-5/e50aef0a-ac3d-4775-a81e-b8e3cc73adf1.pdf","第一章","11","14","PDF文本层","114","深度学习","203、243、268","3","仅关键词候选，未逐题证实"
"第一章/1-5/e50aef0a-ac3d-4775-a81e-b8e3cc73adf1.pdf","第一章","12","14","PDF文本层","92","深度学习","203、243、268","3","仅关键词候选，未逐题证实"
"第一章/1-5/e50aef0a-ac3d-4775-a81e-b8e3cc73adf1.pdf","第一章","13","14","PDF文本层","70","深度学习","203、243、268","3","仅关键词候选，未逐题证实"
"第一章/1-5/e50aef0a-ac3d-4775-a81e-b8e3cc73adf1.pdf","第一章","14","14","PDF文本层","45","","","0","本页无已关联题目；不等于知识点已覆盖"
"第一章/1-5/ec658fb9-cc4c-4d79-8bfc-7969d5c6373c.pdf","第一章","1","13","PDF文本层","7","深度学习","203、243、268","3","仅关键词候选，未逐题证实"
"第一章/1-5/ec658fb9-cc4c-4d79-8bfc-7969d5c6373c.pdf","第一章","2","13","PDF文本层","47","深度学习","203、243、268","3","仅关键词候选，未逐题证实"
"第一章/1-5/ec658fb9-cc4c-4d79-8bfc-7969d5c6373c.pdf","第一章","3","13","PDF文本层","66","深度学习","203、243、268","3","仅关键词候选，未逐题证实"
"第一章/1-5/ec658fb9-cc4c-4d79-8bfc-7969d5c6373c.pdf","第一章","4","13","PDF文本层","46","深度学习","203、243、268","3","仅关键词候选，未逐题证实"
"第一章/1-5/ec658fb9-cc4c-4d79-8bfc-7969d5c6373c.pdf","第一章","5","13","PDF文本层","27","深度学习","203、243、268","3","仅关键词候选，未逐题证实"
"第一章/1-5/ec658fb9-cc4c-4d79-8bfc-7969d5c6373c.pdf","第一章","6","13","PDF文本层","82","深度学习","203、243、268","3","仅关键词候选，未逐题证实"
"第一章/1-5/ec658fb9-cc4c-4d79-8bfc-7969d5c6373c.pdf","第一章","7","13","PDF文本层","91","深度学习","203、243、268","3","仅关键词候选，未逐题证实"
"第一章/1-5/ec658fb9-cc4c-4d79-8bfc-7969d5c6373c.pdf","第一章","8","13","PDF文本层","49","深度学习","203、243、268","3","仅关键词候选，未逐题证实"
"第一章/1-5/ec658fb9-cc4c-4d79-8bfc-7969d5c6373c.pdf","第一章","9","13","PDF文本层","191","深度学习；优化算法 SGD 与 Adam","203、222、243、268","4","仅关键词候选，未逐题证实"
"第一章/1-5/ec658fb9-cc4c-4d79-8bfc-7969d5c6373c.pdf","第一章","10","13","PDF文本层","103","深度学习；优化算法 SGD 与 Adam","203、222、243、268","4","仅关键词候选，未逐题证实"
"第一章/1-5/ec658fb9-cc4c-4d79-8bfc-7969d5c6373c.pdf","第一章","11","13","PDF文本层","176","深度学习；优化算法 SGD 与 Adam","203、222、243、268","4","仅关键词候选，未逐题证实"
"第一章/1-5/ec658fb9-cc4c-4d79-8bfc-7969d5c6373c.pdf","第一章","12","13","PDF文本层","43","深度学习；优化算法 SGD 与 Adam","203、222、243、268","4","仅关键词候选，未逐题证实"
"第一章/1-5/ec658fb9-cc4c-4d79-8bfc-7969d5c6373c.pdf","第一章","13","13","PDF文本层","27","","","0","本页无已关联题目；不等于知识点已覆盖"
"第七章/8c17408d-3e98-4730-843b-e5e3729cf925.pdf","第七章","1","11","PDF文本层","805","服务监控日志分析；附件题目 · 产品运维；附件题目 · 产品运维｜Kubernetes资源映射；附件题目 · 产品运维｜多节点部署前置条件；附件题目 · 产品运维｜RTO与RPO；附件题目 · 产品运维｜黑盒与白盒监控","655、676、677、678、679、701、703、705、707、709、717、735、748、751、752、753、767、779、780、781、782","21","仅关键词候选，未逐题证实"
"第七章/8c17408d-3e98-4730-843b-e5e3729cf925.pdf","第七章","2","11","PDF文本层","29","","","0","本页无已关联题目；不等于知识点已覆盖"
"第七章/8c17408d-3e98-4730-843b-e5e3729cf925.pdf","第七章","3","11","PDF文本层","78","","","0","本页无已关联题目；不等于知识点已覆盖"
"第七章/8c17408d-3e98-4730-843b-e5e3729cf925.pdf","第七章","4","11","PDF文本层","173","","","0","本页无已关联题目；不等于知识点已覆盖"
"第七章/8c17408d-3e98-4730-843b-e5e3729cf925.pdf","第七章","5","11","PDF文本层","366","MLOps 中的 CI、CD 与 CT；MLOps 的 CI/CD/CT","323、334、350、383、421","5","仅关键词候选，未逐题证实"
"第七章/8c17408d-3e98-4730-843b-e5e3729cf925.pdf","第七章","6","11","PDF文本层","607","","","0","本页无已关联题目；不等于知识点已覆盖"
"第七章/8c17408d-3e98-4730-843b-e5e3729cf925.pdf","第七章","7","11","PDF文本层","633","","","0","本页无已关联题目；不等于知识点已覆盖"
"第七章/8c17408d-3e98-4730-843b-e5e3729cf925.pdf","第七章","8","11","PDF文本层","1183","","","0","本页无已关联题目；不等于知识点已覆盖"
"第七章/8c17408d-3e98-4730-843b-e5e3729cf925.pdf","第七章","9","11","PDF文本层","1367","","","0","本页无已关联题目；不等于知识点已覆盖"
"第七章/8c17408d-3e98-4730-843b-e5e3729cf925.pdf","第七章","10","11","PDF文本层","1113","产品交付流程","521、532、581、619","4","仅关键词候选，未逐题证实"
"第七章/8c17408d-3e98-4730-843b-e5e3729cf925.pdf","第七章","11","11","PDF文本层","315","","","0","本页无已关联题目；不等于知识点已覆盖"
"第七章/bcb52e53-ccbf-4001-ae67-a9044a59612c.pdf","第七章","1","39","OCR待图核","101","","","0","本页无已关联题目；不等于知识点已覆盖"
"第七章/bcb52e53-ccbf-4001-ae67-a9044a59612c.pdf","第七章","2","39","OCR待图核","105","","","0","本页无已关联题目；不等于知识点已覆盖"
"第七章/bcb52e53-ccbf-4001-ae67-a9044a59612c.pdf","第七章","3","39","OCR待图核","14","","","0","本页无已关联题目；不等于知识点已覆盖"
"第七章/bcb52e53-ccbf-4001-ae67-a9044a59612c.pdf","第七章","4","39","OCR待图核","860","","","0","本页无已关联题目；不等于知识点已覆盖"
"第七章/bcb52e53-ccbf-4001-ae67-a9044a59612c.pdf","第七章","5","39","OCR待图核","687","深度学习","203、243、268","3","仅关键词候选，未逐题证实"
"第七章/bcb52e53-ccbf-4001-ae67-a9044a59612c.pdf","第七章","6","39","OCR待图核","619","Kafka 与 Elasticsearch；附件题目 · 设计开发；持久化存储资源映射","321、332、374、381、419、745","6","已定位依据题：374、745；另有关键词候选题：321、332、381、419"
"第七章/bcb52e53-ccbf-4001-ae67-a9044a59612c.pdf","第七章","7","39","OCR待图核","199","非功能需求","282、302、318","3","仅关键词候选，未逐题证实"
"第七章/bcb52e53-ccbf-4001-ae67-a9044a59612c.pdf","第七章","8","39","OCR待图核","262","MLOps 中的 CI、CD 与 CT；MLOps 的 CI/CD/CT","323、334、350、383、421","5","仅关键词候选，未逐题证实"
"第七章/bcb52e53-ccbf-4001-ae67-a9044a59612c.pdf","第七章","9","39","OCR待图核","254","深度学习；机器学习框架；机器学习框架的底层实现；机器学习框架接口；TensorFlow底层实现；功能需求","203、207、240、243、247、268、275、279、281、301、314","11","仅关键词候选，未逐题证实"
"第七章/bcb52e53-ccbf-4001-ae67-a9044a59612c.pdf","第七章","10","39","OCR待图核","221","Kafka 与 Elasticsearch","321、332、381、419","4","仅关键词候选，未逐题证实"
"第七章/bcb52e53-ccbf-4001-ae67-a9044a59612c.pdf","第七章","11","39","OCR待图核","245","附件题目 · 产品运维｜Kubernetes资源映射","779","1","仅关键词候选，未逐题证实"
"第七章/bcb52e53-ccbf-4001-ae67-a9044a59612c.pdf","第七章","12","39","OCR待图核","174","网络爬虫组成","50、96、130、180","4","仅关键词候选，未逐题证实"
"第七章/bcb52e53-ccbf-4001-ae67-a9044a59612c.pdf","第七章","13","39","OCR待图核","72","","","0","本页无已关联题目；不等于知识点已覆盖"
"第七章/bcb52e53-ccbf-4001-ae67-a9044a59612c.pdf","第七章","14","39","OCR待图核","224","","","0","本页无已关联题目；不等于知识点已覆盖"
"第七章/bcb52e53-ccbf-4001-ae67-a9044a59612c.pdf","第七章","15","39","OCR待图核","162","","","0","本页无已关联题目；不等于知识点已覆盖"
"第七章/bcb52e53-ccbf-4001-ae67-a9044a59612c.pdf","第七章","16","39","OCR待图核","153","Kafka 与 Elasticsearch；附件题目 · 产品运维｜Kubernetes资源映射","321、332、381、419、779","5","仅关键词候选，未逐题证实"
"第七章/bcb52e53-ccbf-4001-ae67-a9044a59612c.pdf","第七章","17","39","OCR待图核","162","","","0","本页无已关联题目；不等于知识点已覆盖"
"第七章/bcb52e53-ccbf-4001-ae67-a9044a59612c.pdf","第七章","18","39","OCR待图核","231","Kafka 与 Elasticsearch；附件题目 · 产品运维｜Kubernetes资源映射","321、332、381、419、779","5","仅关键词候选，未逐题证实"
"第七章/bcb52e53-ccbf-4001-ae67-a9044a59612c.pdf","第七章","19","39","OCR待图核","419","","","0","本页无已关联题目；不等于知识点已覆盖"
"第七章/bcb52e53-ccbf-4001-ae67-a9044a59612c.pdf","第七章","20","39","OCR待图核","16","","","0","本页无已关联题目；不等于知识点已覆盖"
"第七章/bcb52e53-ccbf-4001-ae67-a9044a59612c.pdf","第七章","21","39","OCR待图核","102","","","0","本页无已关联题目；不等于知识点已覆盖"
"第七章/bcb52e53-ccbf-4001-ae67-a9044a59612c.pdf","第七章","22","39","OCR待图核","139","","","0","本页无已关联题目；不等于知识点已覆盖"
"第七章/bcb52e53-ccbf-4001-ae67-a9044a59612c.pdf","第七章","23","39","OCR待图核","146","","","0","本页无已关联题目；不等于知识点已覆盖"
"第七章/bcb52e53-ccbf-4001-ae67-a9044a59612c.pdf","第七章","24","39","OCR待图核","432","Kafka 与 Elasticsearch；分阶段验收","321、332、381、419、558","5","仅关键词候选，未逐题证实"
"第七章/bcb52e53-ccbf-4001-ae67-a9044a59612c.pdf","第七章","25","39","OCR待图核","112","","","0","本页无已关联题目；不等于知识点已覆盖"
"第七章/bcb52e53-ccbf-4001-ae67-a9044a59612c.pdf","第七章","26","39","OCR待图核","68","","","0","本页无已关联题目；不等于知识点已覆盖"
"第七章/bcb52e53-ccbf-4001-ae67-a9044a59612c.pdf","第七章","27","39","OCR待图核","12","","","0","本页无已关联题目；不等于知识点已覆盖"
"第七章/bcb52e53-ccbf-4001-ae67-a9044a59612c.pdf","第七章","28","39","OCR待图核","345","","","0","本页无已关联题目；不等于知识点已覆盖"
"第七章/bcb52e53-ccbf-4001-ae67-a9044a59612c.pdf","第七章","29","39","OCR待图核","361","","","0","本页无已关联题目；不等于知识点已覆盖"
"第七章/bcb52e53-ccbf-4001-ae67-a9044a59612c.pdf","第七章","30","39","OCR待图核","287","附件题目 · 产品运维｜Kubernetes资源映射","779","1","仅关键词候选，未逐题证实"
"第七章/bcb52e53-ccbf-4001-ae67-a9044a59612c.pdf","第七章","31","39","OCR待图核","309","故障处理流程；根因分析 RCA；故障复盘","643、691、711、723、771、794","6","仅关键词候选，未逐题证实"
"第七章/bcb52e53-ccbf-4001-ae67-a9044a59612c.pdf","第七章","32","39","OCR待图核","18","","","0","本页无已关联题目；不等于知识点已覆盖"
"第七章/bcb52e53-ccbf-4001-ae67-a9044a59612c.pdf","第七章","33","39","OCR待图核","14","","","0","本页无已关联题目；不等于知识点已覆盖"
"第七章/bcb52e53-ccbf-4001-ae67-a9044a59612c.pdf","第七章","34","39","OCR待图核","37","","","0","本页无已关联题目；不等于知识点已覆盖"
"第七章/bcb52e53-ccbf-4001-ae67-a9044a59612c.pdf","第七章","35","39","OCR待图核","23","","","0","本页无已关联题目；不等于知识点已覆盖"
"第七章/bcb52e53-ccbf-4001-ae67-a9044a59612c.pdf","第七章","36","39","OCR待图核","120","故障处理流程；根因分析 RCA；故障复盘","643、691、711、723、771、794","6","仅关键词候选，未逐题证实"
"第七章/bcb52e53-ccbf-4001-ae67-a9044a59612c.pdf","第七章","37","39","OCR待图核","66","","","0","本页无已关联题目；不等于知识点已覆盖"
"第七章/bcb52e53-ccbf-4001-ae67-a9044a59612c.pdf","第七章","38","39","OCR待图核","105","","","0","本页无已关联题目；不等于知识点已覆盖"
"第七章/bcb52e53-ccbf-4001-ae67-a9044a59612c.pdf","第七章","39","39","OCR待图核","131","","","0","本页无已关联题目；不等于知识点已覆盖"
"第三章/84bd4579-0fab-4f64-bf3d-426fdac8afa9.pdf","第三章","1","113","OCR待图核","101","","","0","本页无已关联题目；不等于知识点已覆盖"
"第三章/84bd4579-0fab-4f64-bf3d-426fdac8afa9.pdf","第三章","2","113","OCR待图核","58","","","0","本页无已关联题目；不等于知识点已覆盖"
"第三章/84bd4579-0fab-4f64-bf3d-426fdac8afa9.pdf","第三章","3","113","OCR待图核","46","","","0","本页无已关联题目；不等于知识点已覆盖"
"第三章/84bd4579-0fab-4f64-bf3d-426fdac8afa9.pdf","第三章","4","113","OCR待图核","116","","","0","本页无已关联题目；不等于知识点已覆盖"
"第三章/84bd4579-0fab-4f64-bf3d-426fdac8afa9.pdf","第三章","5","113","OCR待图核","93","深度学习","203、243、268","3","仅关键词候选，未逐题证实"
"第三章/84bd4579-0fab-4f64-bf3d-426fdac8afa9.pdf","第三章","6","113","OCR待图核","243","","","0","本页无已关联题目；不等于知识点已覆盖"
"第三章/84bd4579-0fab-4f64-bf3d-426fdac8afa9.pdf","第三章","7","113","OCR待图核","254","","","0","本页无已关联题目；不等于知识点已覆盖"
"第三章/84bd4579-0fab-4f64-bf3d-426fdac8afa9.pdf","第三章","8","113","OCR待图核","161","","","0","本页无已关联题目；不等于知识点已覆盖"
"第三章/84bd4579-0fab-4f64-bf3d-426fdac8afa9.pdf","第三章","9","113","OCR待图核","222","分阶段验收","558","1","仅关键词候选，未逐题证实"
"第三章/84bd4579-0fab-4f64-bf3d-426fdac8afa9.pdf","第三章","10","113","OCR待图核","200","","","0","本页无已关联题目；不等于知识点已覆盖"
"第三章/84bd4579-0fab-4f64-bf3d-426fdac8afa9.pdf","第三章","11","113","OCR待图核","129","","","0","本页无已关联题目；不等于知识点已覆盖"
"第三章/84bd4579-0fab-4f64-bf3d-426fdac8afa9.pdf","第三章","12","113","OCR待图核","130","","","0","本页无已关联题目；不等于知识点已覆盖"
"第三章/84bd4579-0fab-4f64-bf3d-426fdac8afa9.pdf","第三章","13","113","OCR待图核","79","监督学习、无监督学习与强化学习；Ring AllReduce","202、242、267、346","4","仅关键词候选，未逐题证实"
"第三章/84bd4579-0fab-4f64-bf3d-426fdac8afa9.pdf","第三章","14","113","OCR待图核","169","深度学习；Ring AllReduce","203、243、268、346","4","仅关键词候选，未逐题证实"
"第三章/84bd4579-0fab-4f64-bf3d-426fdac8afa9.pdf","第三章","15","113","OCR待图核","4","","","0","本页无已关联题目；不等于知识点已覆盖"
"第三章/84bd4579-0fab-4f64-bf3d-426fdac8afa9.pdf","第三章","16","113","OCR待图核","140","监督学习、无监督学习与强化学习","202、242、267","3","仅关键词候选，未逐题证实"
"第三章/84bd4579-0fab-4f64-bf3d-426fdac8afa9.pdf","第三章","17","113","OCR待图核","277","","","0","本页无已关联题目；不等于知识点已覆盖"
"第三章/84bd4579-0fab-4f64-bf3d-426fdac8afa9.pdf","第三章","18","113","OCR待图核","531","","","0","本页无已关联题目；不等于知识点已覆盖"
"第三章/84bd4579-0fab-4f64-bf3d-426fdac8afa9.pdf","第三章","19","113","OCR待图核","216","","","0","本页无已关联题目；不等于知识点已覆盖"
"第三章/84bd4579-0fab-4f64-bf3d-426fdac8afa9.pdf","第三章","20","113","OCR待图核","324","深度学习","203、243、268","3","仅关键词候选，未逐题证实"
"第三章/84bd4579-0fab-4f64-bf3d-426fdac8afa9.pdf","第三章","21","113","OCR待图核","121","深度学习","203、243、268","3","仅关键词候选，未逐题证实"
"第三章/84bd4579-0fab-4f64-bf3d-426fdac8afa9.pdf","第三章","22","113","OCR待图核","746","特征工程；深度学习","43、74、123、173、203、243、268","7","仅关键词候选，未逐题证实"
"第三章/84bd4579-0fab-4f64-bf3d-426fdac8afa9.pdf","第三章","23","113","OCR待图核","157","","","0","本页无已关联题目；不等于知识点已覆盖"
"第三章/84bd4579-0fab-4f64-bf3d-426fdac8afa9.pdf","第三章","24","113","OCR待图核","4","","","0","本页无已关联题目；不等于知识点已覆盖"
"第三章/84bd4579-0fab-4f64-bf3d-426fdac8afa9.pdf","第三章","25","113","OCR待图核","178","监督学习、无监督学习与强化学习","202、242、267","3","仅关键词候选，未逐题证实"
"第三章/84bd4579-0fab-4f64-bf3d-426fdac8afa9.pdf","第三章","26","113","OCR待图核","125","","","0","本页无已关联题目；不等于知识点已覆盖"
"第三章/84bd4579-0fab-4f64-bf3d-426fdac8afa9.pdf","第三章","27","113","OCR待图核","227","","","0","本页无已关联题目；不等于知识点已覆盖"
"第三章/84bd4579-0fab-4f64-bf3d-426fdac8afa9.pdf","第三章","28","113","OCR待图核","235","非功能需求","282、302、318","3","仅关键词候选，未逐题证实"
"第三章/84bd4579-0fab-4f64-bf3d-426fdac8afa9.pdf","第三章","29","113","OCR待图核","190","图像数据标注；深度学习","51、97、131、203、243、268","6","仅关键词候选，未逐题证实"
"第三章/84bd4579-0fab-4f64-bf3d-426fdac8afa9.pdf","第三章","30","113","OCR待图核","185","","","0","本页无已关联题目；不等于知识点已覆盖"
"第三章/84bd4579-0fab-4f64-bf3d-426fdac8afa9.pdf","第三章","31","113","OCR待图核","387","","","0","本页无已关联题目；不等于知识点已覆盖"
"第三章/84bd4579-0fab-4f64-bf3d-426fdac8afa9.pdf","第三章","32","113","OCR待图核","310","","","0","本页无已关联题目；不等于知识点已覆盖"
"第三章/84bd4579-0fab-4f64-bf3d-426fdac8afa9.pdf","第三章","33","113","OCR待图核","16","Ring AllReduce","346","1","仅关键词候选，未逐题证实"
"第三章/84bd4579-0fab-4f64-bf3d-426fdac8afa9.pdf","第三章","34","113","OCR待图核","339","监督学习、无监督学习与强化学习；Ring AllReduce","202、242、267、346","4","仅关键词候选，未逐题证实"
"第三章/84bd4579-0fab-4f64-bf3d-426fdac8afa9.pdf","第三章","35","113","OCR待图核","263","特征工程；监督学习、无监督学习与强化学习","43、74、123、173、202、242、267","7","仅关键词候选，未逐题证实"
"第三章/84bd4579-0fab-4f64-bf3d-426fdac8afa9.pdf","第三章","36","113","OCR待图核","303","","","0","本页无已关联题目；不等于知识点已覆盖"
"第三章/84bd4579-0fab-4f64-bf3d-426fdac8afa9.pdf","第三章","37","113","OCR待图核","251","","","0","本页无已关联题目；不等于知识点已覆盖"
"第三章/84bd4579-0fab-4f64-bf3d-426fdac8afa9.pdf","第三章","38","113","OCR待图核","420","MLOps 中的 CI、CD 与 CT；MLOps 的 CI/CD/CT","323、334、350、383、421","5","仅关键词候选，未逐题证实"
"第三章/84bd4579-0fab-4f64-bf3d-426fdac8afa9.pdf","第三章","39","113","OCR待图核","120","","","0","本页无已关联题目；不等于知识点已覆盖"
"第三章/84bd4579-0fab-4f64-bf3d-426fdac8afa9.pdf","第三章","40","113","OCR待图核","303","","","0","本页无已关联题目；不等于知识点已覆盖"
"第三章/84bd4579-0fab-4f64-bf3d-426fdac8afa9.pdf","第三章","41","113","OCR待图核","6","","","0","本页无已关联题目；不等于知识点已覆盖"
"第三章/84bd4579-0fab-4f64-bf3d-426fdac8afa9.pdf","第三章","42","113","OCR待图核","144","","","0","本页无已关联题目；不等于知识点已覆盖"
"第三章/84bd4579-0fab-4f64-bf3d-426fdac8afa9.pdf","第三章","43","113","OCR待图核","143","","","0","本页无已关联题目；不等于知识点已覆盖"
"第三章/84bd4579-0fab-4f64-bf3d-426fdac8afa9.pdf","第三章","44","113","OCR待图核","82","","","0","本页无已关联题目；不等于知识点已覆盖"
"第三章/84bd4579-0fab-4f64-bf3d-426fdac8afa9.pdf","第三章","45","113","OCR待图核","139","","","0","本页无已关联题目；不等于知识点已覆盖"
"第三章/84bd4579-0fab-4f64-bf3d-426fdac8afa9.pdf","第三章","46","113","OCR待图核","84","","","0","本页无已关联题目；不等于知识点已覆盖"
"第三章/84bd4579-0fab-4f64-bf3d-426fdac8afa9.pdf","第三章","47","113","OCR待图核","2114","图像数据标注","51、97、131","3","仅关键词候选，未逐题证实"
"第三章/84bd4579-0fab-4f64-bf3d-426fdac8afa9.pdf","第三章","48","113","OCR待图核","300","图像数据标注","51、97、131","3","仅关键词候选，未逐题证实"
"第三章/84bd4579-0fab-4f64-bf3d-426fdac8afa9.pdf","第三章","49","113","OCR待图核","405","","","0","本页无已关联题目；不等于知识点已覆盖"
"第三章/84bd4579-0fab-4f64-bf3d-426fdac8afa9.pdf","第三章","50","113","OCR待图核","618","安全测试","470","1","仅关键词候选，未逐题证实"
"第三章/84bd4579-0fab-4f64-bf3d-426fdac8afa9.pdf","第三章","51","113","OCR待图核","263","","","0","本页无已关联题目；不等于知识点已覆盖"
"第三章/84bd4579-0fab-4f64-bf3d-426fdac8afa9.pdf","第三章","52","113","OCR待图核","228","","","0","本页无已关联题目；不等于知识点已覆盖"
"第三章/84bd4579-0fab-4f64-bf3d-426fdac8afa9.pdf","第三章","53","113","OCR待图核","232","","","0","本页无已关联题目；不等于知识点已覆盖"
"第三章/84bd4579-0fab-4f64-bf3d-426fdac8afa9.pdf","第三章","54","113","OCR待图核","163","","","0","本页无已关联题目；不等于知识点已覆盖"
"第三章/84bd4579-0fab-4f64-bf3d-426fdac8afa9.pdf","第三章","55","113","OCR待图核","139","","","0","本页无已关联题目；不等于知识点已覆盖"
"第三章/84bd4579-0fab-4f64-bf3d-426fdac8afa9.pdf","第三章","56","113","OCR待图核","413","图像数据标注","51、97、131","3","仅关键词候选，未逐题证实"
"第三章/84bd4579-0fab-4f64-bf3d-426fdac8afa9.pdf","第三章","57","113","OCR待图核","195","网络爬虫组成","50、96、130、180","4","仅关键词候选，未逐题证实"
"第三章/84bd4579-0fab-4f64-bf3d-426fdac8afa9.pdf","第三章","58","113","OCR待图核","193","数据清洗；数据清洗目标","42、122、172、192","4","仅关键词候选，未逐题证实"
"第三章/84bd4579-0fab-4f64-bf3d-426fdac8afa9.pdf","第三章","59","113","OCR待图核","746","网络爬虫组成；分阶段验收","50、96、130、180、558","5","仅关键词候选，未逐题证实"
"第三章/84bd4579-0fab-4f64-bf3d-426fdac8afa9.pdf","第三章","60","113","OCR待图核","145","","","0","本页无已关联题目；不等于知识点已覆盖"
"第三章/84bd4579-0fab-4f64-bf3d-426fdac8afa9.pdf","第三章","61","113","OCR待图核","40","","","0","本页无已关联题目；不等于知识点已覆盖"
"第三章/84bd4579-0fab-4f64-bf3d-426fdac8afa9.pdf","第三章","62","113","OCR待图核","122","网络爬虫组成","50、96、130、180","4","仅关键词候选，未逐题证实"
"第三章/84bd4579-0fab-4f64-bf3d-426fdac8afa9.pdf","第三章","63","113","OCR待图核","259","","","0","本页无已关联题目；不等于知识点已覆盖"
"第三章/84bd4579-0fab-4f64-bf3d-426fdac8afa9.pdf","第三章","64","113","OCR待图核","355","","","0","本页无已关联题目；不等于知识点已覆盖"
"第三章/84bd4579-0fab-4f64-bf3d-426fdac8afa9.pdf","第三章","65","113","OCR待图核","39","监督学习、无监督学习与强化学习","202、242、267","3","仅关键词候选，未逐题证实"
"第三章/84bd4579-0fab-4f64-bf3d-426fdac8afa9.pdf","第三章","66","113","OCR待图核","36","监督学习、无监督学习与强化学习；功能需求","202、242、267、281、301、314","6","仅关键词候选，未逐题证实"
"第三章/84bd4579-0fab-4f64-bf3d-426fdac8afa9.pdf","第三章","67","113","OCR待图核","79","监督学习、无监督学习与强化学习","202、242、267","3","仅关键词候选，未逐题证实"
"第三章/84bd4579-0fab-4f64-bf3d-426fdac8afa9.pdf","第三章","68","113","OCR待图核","42","监督学习、无监督学习与强化学习","202、242、267","3","仅关键词候选，未逐题证实"
"第三章/84bd4579-0fab-4f64-bf3d-426fdac8afa9.pdf","第三章","69","113","OCR待图核","62","","","0","本页无已关联题目；不等于知识点已覆盖"
"第三章/84bd4579-0fab-4f64-bf3d-426fdac8afa9.pdf","第三章","70","113","OCR待图核","394","监督学习、无监督学习与强化学习","202、242、267","3","仅关键词候选，未逐题证实"
"第三章/84bd4579-0fab-4f64-bf3d-426fdac8afa9.pdf","第三章","71","113","OCR待图核","291","监督学习、无监督学习与强化学习","202、242、267","3","仅关键词候选，未逐题证实"
"第三章/84bd4579-0fab-4f64-bf3d-426fdac8afa9.pdf","第三章","72","113","OCR待图核","152","监督学习、无监督学习与强化学习","202、242、267","3","仅关键词候选，未逐题证实"
"第三章/84bd4579-0fab-4f64-bf3d-426fdac8afa9.pdf","第三章","73","113","OCR待图核","147","监督学习、无监督学习与强化学习","202、242、267","3","仅关键词候选，未逐题证实"
"第三章/84bd4579-0fab-4f64-bf3d-426fdac8afa9.pdf","第三章","74","113","OCR待图核","36","监督学习、无监督学习与强化学习","202、242、267","3","仅关键词候选，未逐题证实"
"第三章/84bd4579-0fab-4f64-bf3d-426fdac8afa9.pdf","第三章","75","113","OCR待图核","177","监督学习、无监督学习与强化学习；功能需求","202、242、267、281、301、314","6","仅关键词候选，未逐题证实"
"第三章/84bd4579-0fab-4f64-bf3d-426fdac8afa9.pdf","第三章","76","113","OCR待图核","197","监督学习、无监督学习与强化学习","202、242、267","3","仅关键词候选，未逐题证实"
"第三章/84bd4579-0fab-4f64-bf3d-426fdac8afa9.pdf","第三章","77","113","OCR待图核","114","监督学习、无监督学习与强化学习","202、242、267","3","仅关键词候选，未逐题证实"
"第三章/84bd4579-0fab-4f64-bf3d-426fdac8afa9.pdf","第三章","78","113","OCR待图核","158","监督学习、无监督学习与强化学习","202、242、267","3","仅关键词候选，未逐题证实"
"第三章/84bd4579-0fab-4f64-bf3d-426fdac8afa9.pdf","第三章","79","113","OCR待图核","200","监督学习、无监督学习与强化学习","202、242、267","3","仅关键词候选，未逐题证实"
"第三章/84bd4579-0fab-4f64-bf3d-426fdac8afa9.pdf","第三章","80","113","OCR待图核","403","监督学习、无监督学习与强化学习","202、242、267","3","仅关键词候选，未逐题证实"
"第三章/84bd4579-0fab-4f64-bf3d-426fdac8afa9.pdf","第三章","81","113","OCR待图核","54","","","0","本页无已关联题目；不等于知识点已覆盖"
"第三章/84bd4579-0fab-4f64-bf3d-426fdac8afa9.pdf","第三章","82","113","OCR待图核","156","监督学习、无监督学习与强化学习","202、242、267","3","仅关键词候选，未逐题证实"
"第三章/84bd4579-0fab-4f64-bf3d-426fdac8afa9.pdf","第三章","83","113","OCR待图核","114","监督学习、无监督学习与强化学习","202、242、267","3","仅关键词候选，未逐题证实"
"第三章/84bd4579-0fab-4f64-bf3d-426fdac8afa9.pdf","第三章","84","113","OCR待图核","47","","","0","本页无已关联题目；不等于知识点已覆盖"
"第三章/84bd4579-0fab-4f64-bf3d-426fdac8afa9.pdf","第三章","85","113","OCR待图核","222","机器学习框架；机器学习框架的底层实现；机器学习框架接口；TensorFlow底层实现","207、240、247、275、279","5","仅关键词候选，未逐题证实"
"第三章/84bd4579-0fab-4f64-bf3d-426fdac8afa9.pdf","第三章","86","113","OCR待图核","173","非功能需求","282、302、318","3","仅关键词候选，未逐题证实"
"第三章/84bd4579-0fab-4f64-bf3d-426fdac8afa9.pdf","第三章","87","113","OCR待图核","64","","","0","本页无已关联题目；不等于知识点已覆盖"
"第三章/84bd4579-0fab-4f64-bf3d-426fdac8afa9.pdf","第三章","88","113","OCR待图核","77","","","0","本页无已关联题目；不等于知识点已覆盖"
"第三章/84bd4579-0fab-4f64-bf3d-426fdac8afa9.pdf","第三章","89","113","OCR待图核","348","","","0","本页无已关联题目；不等于知识点已覆盖"
"第三章/84bd4579-0fab-4f64-bf3d-426fdac8afa9.pdf","第三章","90","113","OCR待图核","87","","","0","本页无已关联题目；不等于知识点已覆盖"
"第三章/84bd4579-0fab-4f64-bf3d-426fdac8afa9.pdf","第三章","91","113","OCR待图核","397","非功能需求","282、302、318","3","仅关键词候选，未逐题证实"
"第三章/84bd4579-0fab-4f64-bf3d-426fdac8afa9.pdf","第三章","92","113","OCR待图核","236","","","0","本页无已关联题目；不等于知识点已覆盖"
"第三章/84bd4579-0fab-4f64-bf3d-426fdac8afa9.pdf","第三章","93","113","OCR待图核","49","","","0","本页无已关联题目；不等于知识点已覆盖"
"第三章/84bd4579-0fab-4f64-bf3d-426fdac8afa9.pdf","第三章","94","113","OCR待图核","119","","","0","本页无已关联题目；不等于知识点已覆盖"
"第三章/84bd4579-0fab-4f64-bf3d-426fdac8afa9.pdf","第三章","95","113","OCR待图核","48","","","0","本页无已关联题目；不等于知识点已覆盖"
"第三章/84bd4579-0fab-4f64-bf3d-426fdac8afa9.pdf","第三章","96","113","OCR待图核","75","","","0","本页无已关联题目；不等于知识点已覆盖"
"第三章/84bd4579-0fab-4f64-bf3d-426fdac8afa9.pdf","第三章","97","113","OCR待图核","24","","","0","本页无已关联题目；不等于知识点已覆盖"
"第三章/84bd4579-0fab-4f64-bf3d-426fdac8afa9.pdf","第三章","98","113","OCR待图核","47","","","0","本页无已关联题目；不等于知识点已覆盖"
"第三章/84bd4579-0fab-4f64-bf3d-426fdac8afa9.pdf","第三章","99","113","OCR待图核","57","","","0","本页无已关联题目；不等于知识点已覆盖"
"第三章/84bd4579-0fab-4f64-bf3d-426fdac8afa9.pdf","第三章","100","113","OCR待图核","234","","","0","本页无已关联题目；不等于知识点已覆盖"
"第三章/84bd4579-0fab-4f64-bf3d-426fdac8afa9.pdf","第三章","101","113","OCR待图核","235","功能需求；非功能需求","281、282、301、302、314、318","6","仅关键词候选，未逐题证实"
"第三章/84bd4579-0fab-4f64-bf3d-426fdac8afa9.pdf","第三章","102","113","OCR待图核","286","","","0","本页无已关联题目；不等于知识点已覆盖"
"第三章/84bd4579-0fab-4f64-bf3d-426fdac8afa9.pdf","第三章","103","113","OCR待图核","12","","","0","本页无已关联题目；不等于知识点已覆盖"
"第三章/84bd4579-0fab-4f64-bf3d-426fdac8afa9.pdf","第三章","104","113","OCR待图核","264","","","0","本页无已关联题目；不等于知识点已覆盖"
"第三章/84bd4579-0fab-4f64-bf3d-426fdac8afa9.pdf","第三章","105","113","OCR待图核","80","","","0","本页无已关联题目；不等于知识点已覆盖"
"第三章/84bd4579-0fab-4f64-bf3d-426fdac8afa9.pdf","第三章","106","113","OCR待图核","272","","","0","本页无已关联题目；不等于知识点已覆盖"
"第三章/84bd4579-0fab-4f64-bf3d-426fdac8afa9.pdf","第三章","107","113","OCR待图核","106","","","0","本页无已关联题目；不等于知识点已覆盖"
"第三章/84bd4579-0fab-4f64-bf3d-426fdac8afa9.pdf","第三章","108","113","OCR待图核","247","","","0","本页无已关联题目；不等于知识点已覆盖"
"第三章/84bd4579-0fab-4f64-bf3d-426fdac8afa9.pdf","第三章","109","113","OCR待图核","70","","","0","本页无已关联题目；不等于知识点已覆盖"
"第三章/84bd4579-0fab-4f64-bf3d-426fdac8afa9.pdf","第三章","110","113","OCR待图核","213","","","0","本页无已关联题目；不等于知识点已覆盖"
"第三章/84bd4579-0fab-4f64-bf3d-426fdac8afa9.pdf","第三章","111","113","OCR待图核","264","功能需求","281、301、314","3","仅关键词候选，未逐题证实"
"第三章/84bd4579-0fab-4f64-bf3d-426fdac8afa9.pdf","第三章","112","113","OCR待图核","152","监督学习、无监督学习与强化学习","202、242、267","3","仅关键词候选，未逐题证实"
"第三章/84bd4579-0fab-4f64-bf3d-426fdac8afa9.pdf","第三章","113","113","OCR待图核","131","","","0","本页无已关联题目；不等于知识点已覆盖"
"第五章/485d3f08-bc7a-4f36-9bf2-89262f0f9e0a.pdf","第五章","1","105","OCR待图核","109","","","0","本页无已关联题目；不等于知识点已覆盖"
"第五章/485d3f08-bc7a-4f36-9bf2-89262f0f9e0a.pdf","第五章","2","105","OCR待图核","67","","","0","本页无已关联题目；不等于知识点已覆盖"
"第五章/485d3f08-bc7a-4f36-9bf2-89262f0f9e0a.pdf","第五章","3","105","OCR待图核","153","混沌工程；附件题目 · 测试验证；混沌工程边界","467、471、472、473、474、475、476、477、478、496、497、498、499、500、503、520","16","仅关键词候选，未逐题证实"
"第五章/485d3f08-bc7a-4f36-9bf2-89262f0f9e0a.pdf","第五章","4","105","OCR待图核","16","平台测试验证工作流程；附件题目 · 测试验证","447、471、472、473、474、475、476、477、478、487、496、497、498、499、500、503","16","仅关键词候选，未逐题证实"
"第五章/485d3f08-bc7a-4f36-9bf2-89262f0f9e0a.pdf","第五章","5","105","OCR待图核","246","非功能需求；附件题目 · 测试验证","282、302、318、471、472、473、474、475、476、477、478、496、497、498、499、500、503","17","仅关键词候选，未逐题证实"
"第五章/485d3f08-bc7a-4f36-9bf2-89262f0f9e0a.pdf","第五章","6","105","OCR待图核","207","附件题目 · 测试验证","471、472、473、474、475、476、477、478、496、497、498、499、500、503","14","仅关键词候选，未逐题证实"
"第五章/485d3f08-bc7a-4f36-9bf2-89262f0f9e0a.pdf","第五章","7","105","OCR待图核","234","","","0","本页无已关联题目；不等于知识点已覆盖"
"第五章/485d3f08-bc7a-4f36-9bf2-89262f0f9e0a.pdf","第五章","8","105","OCR待图核","244","安全测试","470","1","仅关键词候选，未逐题证实"
"第五章/485d3f08-bc7a-4f36-9bf2-89262f0f9e0a.pdf","第五章","9","105","OCR待图核","118","","","0","本页无已关联题目；不等于知识点已覆盖"
"第五章/485d3f08-bc7a-4f36-9bf2-89262f0f9e0a.pdf","第五章","10","105","OCR待图核","140","","","0","本页无已关联题目；不等于知识点已覆盖"
"第五章/485d3f08-bc7a-4f36-9bf2-89262f0f9e0a.pdf","第五章","11","105","OCR待图核","385","","","0","本页无已关联题目；不等于知识点已覆盖"
"第五章/485d3f08-bc7a-4f36-9bf2-89262f0f9e0a.pdf","第五章","12","105","OCR待图核","248","","","0","本页无已关联题目；不等于知识点已覆盖"
"第五章/485d3f08-bc7a-4f36-9bf2-89262f0f9e0a.pdf","第五章","13","105","OCR待图核","360","测试报告；交付文档标准；交付文档","468、522、533、582、620、639","6","仅关键词候选，未逐题证实"
"第五章/485d3f08-bc7a-4f36-9bf2-89262f0f9e0a.pdf","第五章","14","105","OCR待图核","323","","","0","本页无已关联题目；不等于知识点已覆盖"
"第五章/485d3f08-bc7a-4f36-9bf2-89262f0f9e0a.pdf","第五章","15","105","OCR待图核","86","","","0","本页无已关联题目；不等于知识点已覆盖"
"第五章/485d3f08-bc7a-4f36-9bf2-89262f0f9e0a.pdf","第五章","16","105","OCR待图核","77","测试报告；交付文档标准；交付文档","468、522、533、582、620、639","6","仅关键词候选，未逐题证实"
"第五章/485d3f08-bc7a-4f36-9bf2-89262f0f9e0a.pdf","第五章","17","105","OCR待图核","441","测试报告；交付文档标准；UAT 文档；交付文档","468、522、533、555、582、620、639","7","仅关键词候选，未逐题证实"
"第五章/485d3f08-bc7a-4f36-9bf2-89262f0f9e0a.pdf","第五章","18","105","OCR待图核","358","","","0","本页无已关联题目；不等于知识点已覆盖"
"第五章/485d3f08-bc7a-4f36-9bf2-89262f0f9e0a.pdf","第五章","19","105","OCR待图核","16","附件题目 · 测试验证","471、472、473、474、475、476、477、478、496、497、498、499、500、503","14","仅关键词候选，未逐题证实"
"第五章/485d3f08-bc7a-4f36-9bf2-89262f0f9e0a.pdf","第五章","20","105","OCR待图核","86","监督学习、无监督学习与强化学习；附件题目 · 测试验证","202、242、267、471、472、473、474、475、476、477、478、496、497、498、499、500、503","17","仅关键词候选，未逐题证实"
"第五章/485d3f08-bc7a-4f36-9bf2-89262f0f9e0a.pdf","第五章","21","105","OCR待图核","80","","","0","本页无已关联题目；不等于知识点已覆盖"
"第五章/485d3f08-bc7a-4f36-9bf2-89262f0f9e0a.pdf","第五章","22","105","OCR待图核","470","功能需求；测试策略、探索性测试与 A/B 测试；分阶段验收","281、301、314、441、481、506、558","7","仅关键词候选，未逐题证实"
"第五章/485d3f08-bc7a-4f36-9bf2-89262f0f9e0a.pdf","第五章","23","105","OCR待图核","562","","","0","本页无已关联题目；不等于知识点已覆盖"
"第五章/485d3f08-bc7a-4f36-9bf2-89262f0f9e0a.pdf","第五章","24","105","OCR待图核","293","","","0","本页无已关联题目；不等于知识点已覆盖"
"第五章/485d3f08-bc7a-4f36-9bf2-89262f0f9e0a.pdf","第五章","25","105","OCR待图核","876","","","0","本页无已关联题目；不等于知识点已覆盖"
"第五章/485d3f08-bc7a-4f36-9bf2-89262f0f9e0a.pdf","第五章","26","105","OCR待图核","91","","","0","本页无已关联题目；不等于知识点已覆盖"
"第五章/485d3f08-bc7a-4f36-9bf2-89262f0f9e0a.pdf","第五章","27","105","OCR待图核","878","网络爬虫组成；附件题目 · 设计开发；附件题目 · 设计开发｜批量数据处理价值密度；附件题目 · 设计开发｜容器与虚拟机兼容性","50、96、130、180、354、355、356、357、366、367、368、369、370、372、376、378、392、393、404、405、406、408、418、426、427","25","仅关键词候选，未逐题证实"
"第五章/485d3f08-bc7a-4f36-9bf2-89262f0f9e0a.pdf","第五章","28","105","OCR待图核","547","数据清洗；数据清洗目标；非功能需求；AI 测试覆盖","42、122、172、192、282、302、318、469","8","仅关键词候选，未逐题证实"
"第五章/485d3f08-bc7a-4f36-9bf2-89262f0f9e0a.pdf","第五章","29","105","OCR待图核","709","","","0","本页无已关联题目；不等于知识点已覆盖"
"第五章/485d3f08-bc7a-4f36-9bf2-89262f0f9e0a.pdf","第五章","30","105","OCR待图核","539","深度学习","203、243、268","3","仅关键词候选，未逐题证实"
"第五章/485d3f08-bc7a-4f36-9bf2-89262f0f9e0a.pdf","第五章","31","105","OCR待图核","222","图像数据标注；监督学习、无监督学习与强化学习；附件题目 · 测试验证","51、97、131、202、242、267、471、472、473、474、475、476、477、478、496、497、498、499、500、503","20","仅关键词候选，未逐题证实"
"第五章/485d3f08-bc7a-4f36-9bf2-89262f0f9e0a.pdf","第五章","32","105","OCR待图核","436","ROC 曲线与 AUC","219","1","仅关键词候选，未逐题证实"
"第五章/485d3f08-bc7a-4f36-9bf2-89262f0f9e0a.pdf","第五章","33","105","OCR待图核","159","监督学习、无监督学习与强化学习；测试策略、探索性测试与 A/B 测试","202、242、267、441、481、506","6","仅关键词候选，未逐题证实"
"第五章/485d3f08-bc7a-4f36-9bf2-89262f0f9e0a.pdf","第五章","34","105","OCR待图核","566","监督学习、无监督学习与强化学习；优化算法 SGD 与 Adam","202、222、242、267","4","仅关键词候选，未逐题证实"
"第五章/485d3f08-bc7a-4f36-9bf2-89262f0f9e0a.pdf","第五章","35","105","OCR待图核","481","图像数据标注；模型压缩；功能需求；模型压缩目标","51、97、131、209、281、301、314、437","8","仅关键词候选，未逐题证实"
"第五章/485d3f08-bc7a-4f36-9bf2-89262f0f9e0a.pdf","第五章","36","105","OCR待图核","15","附件题目 · 测试验证","471、472、473、474、475、476、477、478、496、497、498、499、500、503","14","仅关键词候选，未逐题证实"
"第五章/485d3f08-bc7a-4f36-9bf2-89262f0f9e0a.pdf","第五章","37","105","OCR待图核","558","非功能需求；安全测试；附件题目 · 测试验证","282、302、318、470、471、472、473、474、475、476、477、478、496、497、498、499、500、503","18","仅关键词候选，未逐题证实"
"第五章/485d3f08-bc7a-4f36-9bf2-89262f0f9e0a.pdf","第五章","38","105","OCR待图核","631","附件题目 · 设计开发；附件题目 · 设计开发｜批量数据处理价值密度；附件题目 · 设计开发｜容器与虚拟机兼容性","354、355、356、357、366、367、368、369、370、372、376、378、392、393、404、405、406、408、418、426、427","21","仅关键词候选，未逐题证实"
"第五章/485d3f08-bc7a-4f36-9bf2-89262f0f9e0a.pdf","第五章","39","105","OCR待图核","272","","","0","本页无已关联题目；不等于知识点已覆盖"
"第五章/485d3f08-bc7a-4f36-9bf2-89262f0f9e0a.pdf","第五章","40","105","OCR待图核","157","","","0","本页无已关联题目；不等于知识点已覆盖"
"第五章/485d3f08-bc7a-4f36-9bf2-89262f0f9e0a.pdf","第五章","41","105","OCR待图核","94","","","0","本页无已关联题目；不等于知识点已覆盖"
"第五章/485d3f08-bc7a-4f36-9bf2-89262f0f9e0a.pdf","第五章","42","105","OCR待图核","260","混沌工程；混沌工程边界","467、520","2","仅关键词候选，未逐题证实"
"第五章/485d3f08-bc7a-4f36-9bf2-89262f0f9e0a.pdf","第五章","43","105","OCR待图核","17","附件题目 · 测试验证","471、472、473、474、475、476、477、478、496、497、498、499、500、503","14","仅关键词候选，未逐题证实"
"第五章/485d3f08-bc7a-4f36-9bf2-89262f0f9e0a.pdf","第五章","44","105","OCR待图核","57","附件题目 · 测试验证","471、472、473、474、475、476、477、478、496、497、498、499、500、503","14","仅关键词候选，未逐题证实"
"第五章/485d3f08-bc7a-4f36-9bf2-89262f0f9e0a.pdf","第五章","45","105","OCR待图核","130","","","0","本页无已关联题目；不等于知识点已覆盖"
"第五章/485d3f08-bc7a-4f36-9bf2-89262f0f9e0a.pdf","第五章","46","105","OCR待图核","223","","","0","本页无已关联题目；不等于知识点已覆盖"
"第五章/485d3f08-bc7a-4f36-9bf2-89262f0f9e0a.pdf","第五章","47","105","OCR待图核","856","","","0","本页无已关联题目；不等于知识点已覆盖"
"第五章/485d3f08-bc7a-4f36-9bf2-89262f0f9e0a.pdf","第五章","48","105","OCR待图核","137","","","0","本页无已关联题目；不等于知识点已覆盖"
"第五章/485d3f08-bc7a-4f36-9bf2-89262f0f9e0a.pdf","第五章","49","105","OCR待图核","104","","","0","本页无已关联题目；不等于知识点已覆盖"
"第五章/485d3f08-bc7a-4f36-9bf2-89262f0f9e0a.pdf","第五章","50","105","OCR待图核","149","功能需求；附件题目 · 测试验证","281、301、314、471、472、473、474、475、476、477、478、496、497、498、499、500、503","17","仅关键词候选，未逐题证实"
"第五章/485d3f08-bc7a-4f36-9bf2-89262f0f9e0a.pdf","第五章","51","105","OCR待图核","17","附件题目 · 测试验证","471、472、473、474、475、476、477、478、496、497、498、499、500、503","14","仅关键词候选，未逐题证实"
"第五章/485d3f08-bc7a-4f36-9bf2-89262f0f9e0a.pdf","第五章","52","105","OCR待图核","229","","","0","本页无已关联题目；不等于知识点已覆盖"
"第五章/485d3f08-bc7a-4f36-9bf2-89262f0f9e0a.pdf","第五章","53","105","OCR待图核","249","","","0","本页无已关联题目；不等于知识点已覆盖"
"第五章/485d3f08-bc7a-4f36-9bf2-89262f0f9e0a.pdf","第五章","54","105","OCR待图核","209","","","0","本页无已关联题目；不等于知识点已覆盖"
"第五章/485d3f08-bc7a-4f36-9bf2-89262f0f9e0a.pdf","第五章","55","105","OCR待图核","235","","","0","本页无已关联题目；不等于知识点已覆盖"
"第五章/485d3f08-bc7a-4f36-9bf2-89262f0f9e0a.pdf","第五章","56","105","OCR待图核","238","","","0","本页无已关联题目；不等于知识点已覆盖"
"第五章/485d3f08-bc7a-4f36-9bf2-89262f0f9e0a.pdf","第五章","57","105","OCR待图核","277","非功能需求","282、302、318","3","仅关键词候选，未逐题证实"
"第五章/485d3f08-bc7a-4f36-9bf2-89262f0f9e0a.pdf","第五章","58","105","OCR待图核","22","附件题目 · 测试验证","471、472、473、474、475、476、477、478、496、497、498、499、500、503","14","仅关键词候选，未逐题证实"
"第五章/485d3f08-bc7a-4f36-9bf2-89262f0f9e0a.pdf","第五章","59","105","OCR待图核","599","硬件性能指标；AI 测试覆盖；性能优化方法","149、274、469、644、724、772","6","仅关键词候选，未逐题证实"
"第五章/485d3f08-bc7a-4f36-9bf2-89262f0f9e0a.pdf","第五章","60","105","OCR待图核","569","性能优化方法","644、724、772","3","仅关键词候选，未逐题证实"
"第五章/485d3f08-bc7a-4f36-9bf2-89262f0f9e0a.pdf","第五章","61","105","OCR待图核","406","网络爬虫组成；模型压缩；功能需求；模型压缩目标","50、96、130、180、209、281、301、314、437","9","仅关键词候选，未逐题证实"
"第五章/485d3f08-bc7a-4f36-9bf2-89262f0f9e0a.pdf","第五章","62","105","OCR待图核","546","特征工程","43、74、123、173","4","仅关键词候选，未逐题证实"
"第五章/485d3f08-bc7a-4f36-9bf2-89262f0f9e0a.pdf","第五章","63","105","OCR待图核","89","附件题目 · 测试验证","471、472、473、474、475、476、477、478、496、497、498、499、500、503","14","仅关键词候选，未逐题证实"
"第五章/485d3f08-bc7a-4f36-9bf2-89262f0f9e0a.pdf","第五章","64","105","OCR待图核","22","附件题目 · 测试验证","471、472、473、474、475、476、477、478、496、497、498、499、500、503","14","仅关键词候选，未逐题证实"
"第五章/485d3f08-bc7a-4f36-9bf2-89262f0f9e0a.pdf","第五章","65","105","OCR待图核","443","","","0","本页无已关联题目；不等于知识点已覆盖"
"第五章/485d3f08-bc7a-4f36-9bf2-89262f0f9e0a.pdf","第五章","66","105","OCR待图核","246","","","0","本页无已关联题目；不等于知识点已覆盖"
"第五章/485d3f08-bc7a-4f36-9bf2-89262f0f9e0a.pdf","第五章","67","105","OCR待图核","190","","","0","本页无已关联题目；不等于知识点已覆盖"
"第五章/485d3f08-bc7a-4f36-9bf2-89262f0f9e0a.pdf","第五章","68","105","OCR待图核","209","","","0","本页无已关联题目；不等于知识点已覆盖"
"第五章/485d3f08-bc7a-4f36-9bf2-89262f0f9e0a.pdf","第五章","69","105","OCR待图核","119","","","0","本页无已关联题目；不等于知识点已覆盖"
"第五章/485d3f08-bc7a-4f36-9bf2-89262f0f9e0a.pdf","第五章","70","105","OCR待图核","140","","","0","本页无已关联题目；不等于知识点已覆盖"
"第五章/485d3f08-bc7a-4f36-9bf2-89262f0f9e0a.pdf","第五章","71","105","OCR待图核","181","","","0","本页无已关联题目；不等于知识点已覆盖"
"第五章/485d3f08-bc7a-4f36-9bf2-89262f0f9e0a.pdf","第五章","72","105","OCR待图核","182","","","0","本页无已关联题目；不等于知识点已覆盖"
"第五章/485d3f08-bc7a-4f36-9bf2-89262f0f9e0a.pdf","第五章","73","105","OCR待图核","181","","","0","本页无已关联题目；不等于知识点已覆盖"
"第五章/485d3f08-bc7a-4f36-9bf2-89262f0f9e0a.pdf","第五章","74","105","OCR待图核","148","","","0","本页无已关联题目；不等于知识点已覆盖"
"第五章/485d3f08-bc7a-4f36-9bf2-89262f0f9e0a.pdf","第五章","75","105","OCR待图核","250","","","0","本页无已关联题目；不等于知识点已覆盖"
"第五章/485d3f08-bc7a-4f36-9bf2-89262f0f9e0a.pdf","第五章","76","105","OCR待图核","110","","","0","本页无已关联题目；不等于知识点已覆盖"
"第五章/485d3f08-bc7a-4f36-9bf2-89262f0f9e0a.pdf","第五章","77","105","OCR待图核","173","","","0","本页无已关联题目；不等于知识点已覆盖"
"第五章/485d3f08-bc7a-4f36-9bf2-89262f0f9e0a.pdf","第五章","78","105","OCR待图核","90","","","0","本页无已关联题目；不等于知识点已覆盖"
"第五章/485d3f08-bc7a-4f36-9bf2-89262f0f9e0a.pdf","第五章","79","105","OCR待图核","55","","","0","本页无已关联题目；不等于知识点已覆盖"
"第五章/485d3f08-bc7a-4f36-9bf2-89262f0f9e0a.pdf","第五章","80","105","OCR待图核","27","附件题目 · 测试验证","471、472、473、474、475、476、477、478、496、497、498、499、500、503","14","仅关键词候选，未逐题证实"
"第五章/485d3f08-bc7a-4f36-9bf2-89262f0f9e0a.pdf","第五章","81","105","OCR待图核","100","需求到设计的可追踪性；附件题目 · 测试验证","293、471、472、473、474、475、476、477、478、496、497、498、499、500、503","15","仅关键词候选，未逐题证实"
"第五章/485d3f08-bc7a-4f36-9bf2-89262f0f9e0a.pdf","第五章","82","105","OCR待图核","263","","","0","本页无已关联题目；不等于知识点已覆盖"
"第五章/485d3f08-bc7a-4f36-9bf2-89262f0f9e0a.pdf","第五章","83","105","OCR待图核","190","","","0","本页无已关联题目；不等于知识点已覆盖"
"第五章/485d3f08-bc7a-4f36-9bf2-89262f0f9e0a.pdf","第五章","84","105","OCR待图核","288","","","0","本页无已关联题目；不等于知识点已覆盖"
"第五章/485d3f08-bc7a-4f36-9bf2-89262f0f9e0a.pdf","第五章","85","105","OCR待图核","191","","","0","本页无已关联题目；不等于知识点已覆盖"
"第五章/485d3f08-bc7a-4f36-9bf2-89262f0f9e0a.pdf","第五章","86","105","OCR待图核","353","","","0","本页无已关联题目；不等于知识点已覆盖"
"第五章/485d3f08-bc7a-4f36-9bf2-89262f0f9e0a.pdf","第五章","87","105","OCR待图核","457","","","0","本页无已关联题目；不等于知识点已覆盖"
"第五章/485d3f08-bc7a-4f36-9bf2-89262f0f9e0a.pdf","第五章","88","105","OCR待图核","332","ROC 曲线与 AUC","219","1","仅关键词候选，未逐题证实"
"第五章/485d3f08-bc7a-4f36-9bf2-89262f0f9e0a.pdf","第五章","89","105","OCR待图核","195","","","0","本页无已关联题目；不等于知识点已覆盖"
"第五章/485d3f08-bc7a-4f36-9bf2-89262f0f9e0a.pdf","第五章","90","105","OCR待图核","191","","","0","本页无已关联题目；不等于知识点已覆盖"
"第五章/485d3f08-bc7a-4f36-9bf2-89262f0f9e0a.pdf","第五章","91","105","OCR待图核","328","","","0","本页无已关联题目；不等于知识点已覆盖"
"第五章/485d3f08-bc7a-4f36-9bf2-89262f0f9e0a.pdf","第五章","92","105","OCR待图核","73","","","0","本页无已关联题目；不等于知识点已覆盖"
"第五章/485d3f08-bc7a-4f36-9bf2-89262f0f9e0a.pdf","第五章","93","105","OCR待图核","156","","","0","本页无已关联题目；不等于知识点已覆盖"
"第五章/485d3f08-bc7a-4f36-9bf2-89262f0f9e0a.pdf","第五章","94","105","OCR待图核","171","","","0","本页无已关联题目；不等于知识点已覆盖"
"第五章/485d3f08-bc7a-4f36-9bf2-89262f0f9e0a.pdf","第五章","95","105","OCR待图核","142","","","0","本页无已关联题目；不等于知识点已覆盖"
"第五章/485d3f08-bc7a-4f36-9bf2-89262f0f9e0a.pdf","第五章","96","105","OCR待图核","78","","","0","本页无已关联题目；不等于知识点已覆盖"
"第五章/485d3f08-bc7a-4f36-9bf2-89262f0f9e0a.pdf","第五章","97","105","OCR待图核","219","","","0","本页无已关联题目；不等于知识点已覆盖"
"第五章/485d3f08-bc7a-4f36-9bf2-89262f0f9e0a.pdf","第五章","98","105","OCR待图核","36","","","0","本页无已关联题目；不等于知识点已覆盖"
"第五章/485d3f08-bc7a-4f36-9bf2-89262f0f9e0a.pdf","第五章","99","105","OCR待图核","150","","","0","本页无已关联题目；不等于知识点已覆盖"
"第五章/485d3f08-bc7a-4f36-9bf2-89262f0f9e0a.pdf","第五章","100","105","OCR待图核","172","需求到设计的可追踪性；线上线下一致性验证","293、452、492","3","仅关键词候选，未逐题证实"
"第五章/485d3f08-bc7a-4f36-9bf2-89262f0f9e0a.pdf","第五章","101","105","OCR待图核","58","附件题目 · 测试验证","471、472、473、474、475、476、477、478、496、497、498、499、500、503","14","仅关键词候选，未逐题证实"
"第五章/485d3f08-bc7a-4f36-9bf2-89262f0f9e0a.pdf","第五章","102","105","OCR待图核","342","附件题目 · 测试验证","471、472、473、474、475、476、477、478、496、497、498、499、500、503","14","仅关键词候选，未逐题证实"
"第五章/485d3f08-bc7a-4f36-9bf2-89262f0f9e0a.pdf","第五章","103","105","OCR待图核","196","附件题目 · 测试验证","471、472、473、474、475、476、477、478、496、497、498、499、500、503","14","仅关键词候选，未逐题证实"
"第五章/485d3f08-bc7a-4f36-9bf2-89262f0f9e0a.pdf","第五章","104","105","OCR待图核","137","附件题目 · 测试验证","471、472、473、474、475、476、477、478、496、497、498、499、500、503","14","仅关键词候选，未逐题证实"
"第五章/485d3f08-bc7a-4f36-9bf2-89262f0f9e0a.pdf","第五章","105","105","OCR待图核","159","","","0","本页无已关联题目；不等于知识点已覆盖"
"第五章/75f48bf9-1e3a-4934-8735-88796968fa71.pdf","第五章","1","13","PDF文本层","769","硬件性能指标；AI 测试覆盖；附件题目 · 测试验证；UAT 验证阶段","149、274、469、471、472、473、474、475、476、477、478、496、497、498、499、500、503、529、540、589","20","仅关键词候选，未逐题证实"
"第五章/75f48bf9-1e3a-4934-8735-88796968fa71.pdf","第五章","2","13","PDF文本层","32","","","0","本页无已关联题目；不等于知识点已覆盖"
"第五章/75f48bf9-1e3a-4934-8735-88796968fa71.pdf","第五章","3","13","PDF文本层","83","","","0","本页无已关联题目；不等于知识点已覆盖"
"第五章/75f48bf9-1e3a-4934-8735-88796968fa71.pdf","第五章","4","13","PDF文本层","139","","","0","本页无已关联题目；不等于知识点已覆盖"
"第五章/75f48bf9-1e3a-4934-8735-88796968fa71.pdf","第五章","5","13","PDF文本层","121","MLOps 中的 CI、CD 与 CT；MLOps 的 CI/CD/CT","323、334、350、383、421","5","仅关键词候选，未逐题证实"
"第五章/75f48bf9-1e3a-4934-8735-88796968fa71.pdf","第五章","6","13","PDF文本层","732","AI 计算平台基本功能；功能需求；产品交付流程","54、134、281、301、314、521、532、581、619","9","仅关键词候选，未逐题证实"
"第五章/75f48bf9-1e3a-4934-8735-88796968fa71.pdf","第五章","7","13","PDF文本层","157","","","0","本页无已关联题目；不等于知识点已覆盖"
"第五章/75f48bf9-1e3a-4934-8735-88796968fa71.pdf","第五章","8","13","PDF文本层","43","","","0","本页无已关联题目；不等于知识点已覆盖"
"第五章/75f48bf9-1e3a-4934-8735-88796968fa71.pdf","第五章","9","13","PDF文本层","1299","","","0","本页无已关联题目；不等于知识点已覆盖"
"第五章/75f48bf9-1e3a-4934-8735-88796968fa71.pdf","第五章","10","13","PDF文本层","1624","","","0","本页无已关联题目；不等于知识点已覆盖"
"第五章/75f48bf9-1e3a-4934-8735-88796968fa71.pdf","第五章","11","13","PDF文本层","1348","","","0","本页无已关联题目；不等于知识点已覆盖"
"第五章/75f48bf9-1e3a-4934-8735-88796968fa71.pdf","第五章","12","13","PDF文本层","1153","产品交付流程","521、532、581、619","4","仅关键词候选，未逐题证实"
"第五章/75f48bf9-1e3a-4934-8735-88796968fa71.pdf","第五章","13","13","PDF文本层","266","","","0","本页无已关联题目；不等于知识点已覆盖"
"第六章/47026363-d7d5-49ca-843a-452475548ed0.pdf","第六章","1","12","PDF文本层","839","附件题目 · 产品交付","566、567、569、570、571、572、573、574、576、577、578、603、604、605、607、608","16","仅关键词候选，未逐题证实"
"第六章/47026363-d7d5-49ca-843a-452475548ed0.pdf","第六章","2","12","PDF文本层","55","","","0","本页无已关联题目；不等于知识点已覆盖"
"第六章/47026363-d7d5-49ca-843a-452475548ed0.pdf","第六章","3","12","PDF文本层","215","","","0","本页无已关联题目；不等于知识点已覆盖"
"第六章/47026363-d7d5-49ca-843a-452475548ed0.pdf","第六章","4","12","PDF文本层","25","","","0","本页无已关联题目；不等于知识点已覆盖"
"第六章/47026363-d7d5-49ca-843a-452475548ed0.pdf","第六章","5","12","PDF文本层","63","","","0","本页无已关联题目；不等于知识点已覆盖"
"第六章/47026363-d7d5-49ca-843a-452475548ed0.pdf","第六章","6","12","PDF文本层","394","MLOps 中的 CI、CD 与 CT；MLOps 的 CI/CD/CT","323、334、350、383、421","5","仅关键词候选，未逐题证实"
"第六章/47026363-d7d5-49ca-843a-452475548ed0.pdf","第六章","7","12","PDF文本层","330","","","0","本页无已关联题目；不等于知识点已覆盖"
"第六章/47026363-d7d5-49ca-843a-452475548ed0.pdf","第六章","8","12","PDF文本层","180","","","0","本页无已关联题目；不等于知识点已覆盖"
"第六章/47026363-d7d5-49ca-843a-452475548ed0.pdf","第六章","9","12","PDF文本层","548","","","0","本页无已关联题目；不等于知识点已覆盖"
"第六章/47026363-d7d5-49ca-843a-452475548ed0.pdf","第六章","10","12","PDF文本层","1462","","","0","本页无已关联题目；不等于知识点已覆盖"
"第六章/47026363-d7d5-49ca-843a-452475548ed0.pdf","第六章","11","12","PDF文本层","1908","","","0","本页无已关联题目；不等于知识点已覆盖"
"第六章/47026363-d7d5-49ca-843a-452475548ed0.pdf","第六章","12","12","PDF文本层","848","Ring AllReduce","346","1","仅关键词候选，未逐题证实"
"第六章/c2ffb75e-d16c-4285-8273-3eb52c634660.pdf","第六章","1","42","OCR待图核","97","","","0","本页无已关联题目；不等于知识点已覆盖"
"第六章/c2ffb75e-d16c-4285-8273-3eb52c634660.pdf","第六章","2","42","OCR待图核","76","","","0","本页无已关联题目；不等于知识点已覆盖"
"第六章/c2ffb75e-d16c-4285-8273-3eb52c634660.pdf","第六章","3","42","OCR待图核","13","","","0","本页无已关联题目；不等于知识点已覆盖"
"第六章/c2ffb75e-d16c-4285-8273-3eb52c634660.pdf","第六章","4","42","OCR待图核","439","安全测试；分阶段验收","470、558","2","仅关键词候选，未逐题证实"
"第六章/c2ffb75e-d16c-4285-8273-3eb52c634660.pdf","第六章","5","42","OCR待图核","579","硬件性能指标；AI 测试覆盖","149、274、469","3","仅关键词候选，未逐题证实"
"第六章/c2ffb75e-d16c-4285-8273-3eb52c634660.pdf","第六章","6","42","OCR待图核","493","产品交付流程","521、532、581、619","4","仅关键词候选，未逐题证实"
"第六章/c2ffb75e-d16c-4285-8273-3eb52c634660.pdf","第六章","7","42","OCR待图核","432","硬件性能指标；AI 测试覆盖","149、274、469","3","仅关键词候选，未逐题证实"
"第六章/c2ffb75e-d16c-4285-8273-3eb52c634660.pdf","第六章","8","42","OCR待图核","682","","","0","本页无已关联题目；不等于知识点已覆盖"
"第六章/c2ffb75e-d16c-4285-8273-3eb52c634660.pdf","第六章","9","42","OCR待图核","14","","","0","本页无已关联题目；不等于知识点已覆盖"
"第六章/c2ffb75e-d16c-4285-8273-3eb52c634660.pdf","第六章","10","42","OCR待图核","153","","","0","本页无已关联题目；不等于知识点已覆盖"
"第六章/c2ffb75e-d16c-4285-8273-3eb52c634660.pdf","第六章","11","42","OCR待图核","186","","","0","本页无已关联题目；不等于知识点已覆盖"
"第六章/c2ffb75e-d16c-4285-8273-3eb52c634660.pdf","第六章","12","42","OCR待图核","529","测试报告；产品交付流程；交付文档标准；交付文档","468、521、522、532、533、581、582、619、620、639","10","仅关键词候选，未逐题证实"
"第六章/c2ffb75e-d16c-4285-8273-3eb52c634660.pdf","第六章","13","42","OCR待图核","68","交付准备阶段；UAT 验证阶段；交付准备","528、529、539、540、588、589、626、634","8","仅关键词候选，未逐题证实"
"第六章/c2ffb75e-d16c-4285-8273-3eb52c634660.pdf","第六章","14","42","OCR待图核","453","交付准备阶段；UAT 文档；交付准备","528、539、555、588、626、634","6","仅关键词候选，未逐题证实"
"第六章/c2ffb75e-d16c-4285-8273-3eb52c634660.pdf","第六章","15","42","OCR待图核","504","产品交付流程；UAT 验证阶段；UAT 文档","521、529、532、540、555、581、589、619","8","仅关键词候选，未逐题证实"
"第六章/c2ffb75e-d16c-4285-8273-3eb52c634660.pdf","第六章","16","42","OCR待图核","186","","","0","本页无已关联题目；不等于知识点已覆盖"
"第六章/c2ffb75e-d16c-4285-8273-3eb52c634660.pdf","第六章","17","42","OCR待图核","407","","","0","本页无已关联题目；不等于知识点已覆盖"
"第六章/c2ffb75e-d16c-4285-8273-3eb52c634660.pdf","第六章","18","42","OCR待图核","550","附件题目 · 产品交付","575、606","2","仅关键词候选，未逐题证实"
"第六章/c2ffb75e-d16c-4285-8273-3eb52c634660.pdf","第六章","19","42","OCR待图核","390","","","0","本页无已关联题目；不等于知识点已覆盖"
"第六章/c2ffb75e-d16c-4285-8273-3eb52c634660.pdf","第六章","20","42","OCR待图核","112","","","0","本页无已关联题目；不等于知识点已覆盖"
"第六章/c2ffb75e-d16c-4285-8273-3eb52c634660.pdf","第六章","21","42","OCR待图核","15","","","0","本页无已关联题目；不等于知识点已覆盖"
"第六章/c2ffb75e-d16c-4285-8273-3eb52c634660.pdf","第六章","22","42","OCR待图核","251","","","0","本页无已关联题目；不等于知识点已覆盖"
"第六章/c2ffb75e-d16c-4285-8273-3eb52c634660.pdf","第六章","23","42","OCR待图核","19","","","0","本页无已关联题目；不等于知识点已覆盖"
"第六章/c2ffb75e-d16c-4285-8273-3eb52c634660.pdf","第六章","24","42","OCR待图核","145","","","0","本页无已关联题目；不等于知识点已覆盖"
"第六章/c2ffb75e-d16c-4285-8273-3eb52c634660.pdf","第六章","25","42","OCR待图核","209","","","0","本页无已关联题目；不等于知识点已覆盖"
"第六章/c2ffb75e-d16c-4285-8273-3eb52c634660.pdf","第六章","26","42","OCR待图核","56","","","0","本页无已关联题目；不等于知识点已覆盖"
"第六章/c2ffb75e-d16c-4285-8273-3eb52c634660.pdf","第六章","27","42","OCR待图核","65","","","0","本页无已关联题目；不等于知识点已覆盖"
"第六章/c2ffb75e-d16c-4285-8273-3eb52c634660.pdf","第六章","28","42","OCR待图核","210","","","0","本页无已关联题目；不等于知识点已覆盖"
"第六章/c2ffb75e-d16c-4285-8273-3eb52c634660.pdf","第六章","29","42","OCR待图核","285","","","0","本页无已关联题目；不等于知识点已覆盖"
"第六章/c2ffb75e-d16c-4285-8273-3eb52c634660.pdf","第六章","30","42","OCR待图核","342","MLOps 中的 CI、CD 与 CT；MLOps 的 CI/CD/CT","323、334、350、383、421","5","仅关键词候选，未逐题证实"
"第六章/c2ffb75e-d16c-4285-8273-3eb52c634660.pdf","第六章","31","42","OCR待图核","1011","网络爬虫组成；Kafka 与 Elasticsearch","50、96、130、180、321、332、381、419","8","仅关键词候选，未逐题证实"
"第六章/c2ffb75e-d16c-4285-8273-3eb52c634660.pdf","第六章","32","42","OCR待图核","551","Kafka 与 Elasticsearch","321、332、381、419","4","仅关键词候选，未逐题证实"
"第六章/c2ffb75e-d16c-4285-8273-3eb52c634660.pdf","第六章","33","42","OCR待图核","299","","","0","本页无已关联题目；不等于知识点已覆盖"
"第六章/c2ffb75e-d16c-4285-8273-3eb52c634660.pdf","第六章","34","42","OCR待图核","147","","","0","本页无已关联题目；不等于知识点已覆盖"
"第六章/c2ffb75e-d16c-4285-8273-3eb52c634660.pdf","第六章","35","42","OCR待图核","24","","","0","本页无已关联题目；不等于知识点已覆盖"
"第六章/c2ffb75e-d16c-4285-8273-3eb52c634660.pdf","第六章","36","42","OCR待图核","131","","","0","本页无已关联题目；不等于知识点已覆盖"
"第六章/c2ffb75e-d16c-4285-8273-3eb52c634660.pdf","第六章","37","42","OCR待图核","22","","","0","本页无已关联题目；不等于知识点已覆盖"
"第六章/c2ffb75e-d16c-4285-8273-3eb52c634660.pdf","第六章","38","42","OCR待图核","194","","","0","本页无已关联题目；不等于知识点已覆盖"
"第六章/c2ffb75e-d16c-4285-8273-3eb52c634660.pdf","第六章","39","42","OCR待图核","583","GPU 虚拟化 MIG 与远程共享；Docker Compose、Helm 与 Serverless；CUDA 数值计算库；附件题目 · 产品交付；跨环境模型迁出；银行案例隔离规则","226、322、333、344、382、420、568、579、602","9","已定位依据题：568、579、602；另有关键词候选题：226、322、333、344、382、420"
"第六章/c2ffb75e-d16c-4285-8273-3eb52c634660.pdf","第六章","40","42","OCR待图核","219","机器学习框架；机器学习框架接口；Docker Compose、Helm 与 Serverless；CUDA 数值计算库","207、247、275、322、333、344、382、420","8","仅关键词候选，未逐题证实"
"第六章/c2ffb75e-d16c-4285-8273-3eb52c634660.pdf","第六章","41","42","OCR待图核","90","","","0","本页无已关联题目；不等于知识点已覆盖"
"第六章/c2ffb75e-d16c-4285-8273-3eb52c634660.pdf","第六章","42","42","OCR待图核","131","","","0","本页无已关联题目；不等于知识点已覆盖"
"第四章/0. 设计开发/fb7c16cc-757f-40ca-975a-30165dab7be3.pdf","第四章","1","82","OCR待图核","99","","","0","本页无已关联题目；不等于知识点已覆盖"
"第四章/0. 设计开发/fb7c16cc-757f-40ca-975a-30165dab7be3.pdf","第四章","2","82","OCR待图核","77","","","0","本页无已关联题目；不等于知识点已覆盖"
"第四章/0. 设计开发/fb7c16cc-757f-40ca-975a-30165dab7be3.pdf","第四章","3","82","OCR待图核","105","","","0","本页无已关联题目；不等于知识点已覆盖"
"第四章/0. 设计开发/fb7c16cc-757f-40ca-975a-30165dab7be3.pdf","第四章","4","82","OCR待图核","46","","","0","本页无已关联题目；不等于知识点已覆盖"
"第四章/0. 设计开发/fb7c16cc-757f-40ca-975a-30165dab7be3.pdf","第四章","5","82","OCR待图核","101","","","0","本页无已关联题目；不等于知识点已覆盖"
"第四章/0. 设计开发/fb7c16cc-757f-40ca-975a-30165dab7be3.pdf","第四章","6","82","OCR待图核","167","监督学习、无监督学习与强化学习","202、242、267","3","仅关键词候选，未逐题证实"
"第四章/0. 设计开发/fb7c16cc-757f-40ca-975a-30165dab7be3.pdf","第四章","7","82","OCR待图核","164","监督学习、无监督学习与强化学习","202、242、267","3","仅关键词候选，未逐题证实"
"第四章/0. 设计开发/fb7c16cc-757f-40ca-975a-30165dab7be3.pdf","第四章","8","82","OCR待图核","106","监督学习、无监督学习与强化学习","202、242、267","3","仅关键词候选，未逐题证实"
"第四章/0. 设计开发/fb7c16cc-757f-40ca-975a-30165dab7be3.pdf","第四章","9","82","OCR待图核","70","监督学习、无监督学习与强化学习","202、242、267","3","仅关键词候选，未逐题证实"
"第四章/0. 设计开发/fb7c16cc-757f-40ca-975a-30165dab7be3.pdf","第四章","10","82","OCR待图核","92","","","0","本页无已关联题目；不等于知识点已覆盖"
"第四章/0. 设计开发/fb7c16cc-757f-40ca-975a-30165dab7be3.pdf","第四章","11","82","OCR待图核","77","","","0","本页无已关联题目；不等于知识点已覆盖"
"第四章/0. 设计开发/fb7c16cc-757f-40ca-975a-30165dab7be3.pdf","第四章","12","82","OCR待图核","219","非功能需求","282、302、318","3","仅关键词候选，未逐题证实"
"第四章/0. 设计开发/fb7c16cc-757f-40ca-975a-30165dab7be3.pdf","第四章","13","82","OCR待图核","117","","","0","本页无已关联题目；不等于知识点已覆盖"
"第四章/0. 设计开发/fb7c16cc-757f-40ca-975a-30165dab7be3.pdf","第四章","14","82","OCR待图核","113","","","0","本页无已关联题目；不等于知识点已覆盖"
"第四章/0. 设计开发/fb7c16cc-757f-40ca-975a-30165dab7be3.pdf","第四章","15","82","OCR待图核","113","","","0","本页无已关联题目；不等于知识点已覆盖"
"第四章/0. 设计开发/fb7c16cc-757f-40ca-975a-30165dab7be3.pdf","第四章","16","82","OCR待图核","168","软件构造","48、128、178","3","仅关键词候选，未逐题证实"
"第四章/0. 设计开发/fb7c16cc-757f-40ca-975a-30165dab7be3.pdf","第四章","17","82","OCR待图核","158","软件构造","48、128、178","3","仅关键词候选，未逐题证实"
"第四章/0. 设计开发/fb7c16cc-757f-40ca-975a-30165dab7be3.pdf","第四章","18","82","OCR待图核","93","机器学习框架；机器学习框架的底层实现；机器学习框架接口；TensorFlow底层实现","207、240、247、275、279","5","仅关键词候选，未逐题证实"
"第四章/0. 设计开发/fb7c16cc-757f-40ca-975a-30165dab7be3.pdf","第四章","19","82","OCR待图核","239","机器学习框架；机器学习框架的底层实现；附件题目 · 共性技术｜TensorFlow与PyTorch计算图；机器学习框架接口；TensorFlow底层实现；功能需求","207、240、247、273、275、279、281、301、314","9","仅关键词候选，未逐题证实"
"第四章/0. 设计开发/fb7c16cc-757f-40ca-975a-30165dab7be3.pdf","第四章","20","82","OCR待图核","132","机器学习框架；机器学习框架的底层实现；机器学习框架接口；TensorFlow底层实现","207、240、247、275、279","5","仅关键词候选，未逐题证实"
"第四章/0. 设计开发/fb7c16cc-757f-40ca-975a-30165dab7be3.pdf","第四章","21","82","OCR待图核","1184","机器学习框架；模型压缩；机器学习框架的底层实现；附件题目 · 共性技术｜TensorFlow与PyTorch计算图；机器学习框架接口；TensorFlow底层实现；模型压缩目标","207、209、240、247、273、275、279、437","8","仅关键词候选，未逐题证实"
"第四章/0. 设计开发/fb7c16cc-757f-40ca-975a-30165dab7be3.pdf","第四章","22","82","OCR待图核","471","机器学习框架；机器学习框架的底层实现；机器学习框架接口；TensorFlow底层实现；非功能需求","207、240、247、275、279、282、302、318","8","仅关键词候选，未逐题证实"
"第四章/0. 设计开发/fb7c16cc-757f-40ca-975a-30165dab7be3.pdf","第四章","23","82","OCR待图核","197","机器学习框架；人工智能芯片；机器学习框架的底层实现；机器学习框架接口；TensorFlow底层实现","207、214、240、247、275、279","6","仅关键词候选，未逐题证实"
"第四章/0. 设计开发/fb7c16cc-757f-40ca-975a-30165dab7be3.pdf","第四章","24","82","OCR待图核","371","机器学习框架；机器学习框架的底层实现；附件题目 · 共性技术｜TensorFlow与PyTorch计算图；机器学习框架接口；TensorFlow底层实现；功能需求","207、240、247、273、275、279、281、301、314","9","仅关键词候选，未逐题证实"
"第四章/0. 设计开发/fb7c16cc-757f-40ca-975a-30165dab7be3.pdf","第四章","25","82","OCR待图核","213","机器学习框架；机器学习框架的底层实现；机器学习框架接口；TensorFlow底层实现","207、240、247、275、279","5","仅关键词候选，未逐题证实"
"第四章/0. 设计开发/fb7c16cc-757f-40ca-975a-30165dab7be3.pdf","第四章","26","82","OCR待图核","225","功能需求","281、301、314","3","仅关键词候选，未逐题证实"
"第四章/0. 设计开发/fb7c16cc-757f-40ca-975a-30165dab7be3.pdf","第四章","27","82","OCR待图核","320","","","0","本页无已关联题目；不等于知识点已覆盖"
"第四章/0. 设计开发/fb7c16cc-757f-40ca-975a-30165dab7be3.pdf","第四章","28","82","OCR待图核","349","","","0","本页无已关联题目；不等于知识点已覆盖"
"第四章/0. 设计开发/fb7c16cc-757f-40ca-975a-30165dab7be3.pdf","第四章","29","82","OCR待图核","93","机器学习框架；机器学习框架的底层实现；机器学习框架接口；TensorFlow底层实现","207、240、247、275、279","5","仅关键词候选，未逐题证实"
"第四章/0. 设计开发/fb7c16cc-757f-40ca-975a-30165dab7be3.pdf","第四章","30","82","OCR待图核","474","机器学习框架；机器学习框架接口；MLOps 中的 CI、CD 与 CT","207、247、275、323、334、383、421","7","仅关键词候选，未逐题证实"
"第四章/0. 设计开发/fb7c16cc-757f-40ca-975a-30165dab7be3.pdf","第四章","31","82","OCR待图核","332","机器学习框架；机器学习框架的底层实现；机器学习框架接口；TensorFlow底层实现","207、240、247、275、279","5","仅关键词候选，未逐题证实"
"第四章/0. 设计开发/fb7c16cc-757f-40ca-975a-30165dab7be3.pdf","第四章","32","82","OCR待图核","300","机器学习框架；机器学习框架的底层实现；机器学习框架接口；TensorFlow底层实现","207、240、247、275、279","5","仅关键词候选，未逐题证实"
"第四章/0. 设计开发/fb7c16cc-757f-40ca-975a-30165dab7be3.pdf","第四章","33","82","OCR待图核","311","监督学习、无监督学习与强化学习；机器学习框架；机器学习框架的底层实现；机器学习框架接口；TensorFlow底层实现","202、207、240、242、247、267、275、279","8","仅关键词候选，未逐题证实"
"第四章/0. 设计开发/fb7c16cc-757f-40ca-975a-30165dab7be3.pdf","第四章","34","82","OCR待图核","639","机器学习框架；机器学习框架的底层实现；机器学习框架接口；TensorFlow底层实现；附件题目 · 设计开发；附件题目 · 设计开发｜批量数据处理价值密度；附件题目 · 设计开发｜容器与虚拟机兼容性","207、240、247、275、279、354、355、356、357、366、367、368、369、370、372、376、378、392、393、404、405、406、408、418、426、427","26","仅关键词候选，未逐题证实"
"第四章/0. 设计开发/fb7c16cc-757f-40ca-975a-30165dab7be3.pdf","第四章","35","82","OCR待图核","45","机器学习框架；机器学习框架的底层实现；机器学习框架接口；TensorFlow底层实现","207、240、247、275、279","5","仅关键词候选，未逐题证实"
"第四章/0. 设计开发/fb7c16cc-757f-40ca-975a-30165dab7be3.pdf","第四章","36","82","OCR待图核","140","","","0","本页无已关联题目；不等于知识点已覆盖"
"第四章/0. 设计开发/fb7c16cc-757f-40ca-975a-30165dab7be3.pdf","第四章","37","82","OCR待图核","233","机器学习框架；机器学习框架的底层实现；机器学习框架接口；TensorFlow底层实现","207、240、247、275、279","5","仅关键词候选，未逐题证实"
"第四章/0. 设计开发/fb7c16cc-757f-40ca-975a-30165dab7be3.pdf","第四章","38","82","OCR待图核","310","机器学习框架；机器学习框架的底层实现；机器学习框架接口；TensorFlow底层实现","207、240、247、275、279","5","仅关键词候选，未逐题证实"
"第四章/0. 设计开发/fb7c16cc-757f-40ca-975a-30165dab7be3.pdf","第四章","39","82","OCR待图核","230","分阶段验收","558","1","仅关键词候选，未逐题证实"
"第四章/0. 设计开发/fb7c16cc-757f-40ca-975a-30165dab7be3.pdf","第四章","40","82","OCR待图核","428","深度学习；机器学习框架；机器学习框架的底层实现；附件题目 · 共性技术｜TensorFlow与PyTorch计算图；机器学习框架接口；TensorFlow底层实现","203、207、240、243、247、268、273、275、279","9","仅关键词候选，未逐题证实"
"第四章/0. 设计开发/fb7c16cc-757f-40ca-975a-30165dab7be3.pdf","第四章","41","82","OCR待图核","614","深度学习；机器学习框架；机器学习框架的底层实现；机器学习框架接口；TensorFlow底层实现；安全测试","203、207、240、243、247、268、275、279、470","9","仅关键词候选，未逐题证实"
"第四章/0. 设计开发/fb7c16cc-757f-40ca-975a-30165dab7be3.pdf","第四章","42","82","OCR待图核","381","特征工程；机器学习框架；机器学习框架的底层实现；机器学习框架接口；TensorFlow底层实现；附件题目 · 设计开发；附件题目 · 设计开发｜批量数据处理价值密度；附件题目 · 设计开发｜容器与虚拟机兼容性","43、74、123、173、207、240、247、275、279、354、355、356、357、366、367、368、369、370、372、376、378、392、393、404、405、406、408、418、426、427","30","仅关键词候选，未逐题证实"
"第四章/0. 设计开发/fb7c16cc-757f-40ca-975a-30165dab7be3.pdf","第四章","43","82","OCR待图核","295","机器学习框架；机器学习框架的底层实现；机器学习框架接口；TensorFlow底层实现；附件题目 · 设计开发；附件题目 · 设计开发｜批量数据处理价值密度；附件题目 · 设计开发｜容器与虚拟机兼容性","207、240、247、275、279、354、355、356、357、366、367、368、369、370、372、376、378、392、393、404、405、406、408、418、426、427","26","仅关键词候选，未逐题证实"
"第四章/0. 设计开发/fb7c16cc-757f-40ca-975a-30165dab7be3.pdf","第四章","44","82","OCR待图核","138","机器学习框架；机器学习框架的底层实现；机器学习框架接口；TensorFlow底层实现；附件题目 · 设计开发；附件题目 · 设计开发｜批量数据处理价值密度；附件题目 · 设计开发｜容器与虚拟机兼容性","207、240、247、275、279、354、355、356、357、366、367、368、369、370、372、376、378、392、393、404、405、406、408、418、426、427","26","仅关键词候选，未逐题证实"
"第四章/0. 设计开发/fb7c16cc-757f-40ca-975a-30165dab7be3.pdf","第四章","45","82","OCR待图核","159","机器学习框架；机器学习框架的底层实现；机器学习框架接口；TensorFlow底层实现","207、240、247、275、279","5","仅关键词候选，未逐题证实"
"第四章/0. 设计开发/fb7c16cc-757f-40ca-975a-30165dab7be3.pdf","第四章","46","82","OCR待图核","300","深度学习","203、243、268","3","仅关键词候选，未逐题证实"
"第四章/0. 设计开发/fb7c16cc-757f-40ca-975a-30165dab7be3.pdf","第四章","47","82","OCR待图核","358","特征工程；分阶段验收","43、74、123、173、558","5","仅关键词候选，未逐题证实"
"第四章/0. 设计开发/fb7c16cc-757f-40ca-975a-30165dab7be3.pdf","第四章","48","82","OCR待图核","308","特征工程；分阶段验收","43、74、123、173、558","5","仅关键词候选，未逐题证实"
"第四章/0. 设计开发/fb7c16cc-757f-40ca-975a-30165dab7be3.pdf","第四章","49","82","OCR待图核","186","特征工程","43、74、123、173","4","仅关键词候选，未逐题证实"
"第四章/0. 设计开发/fb7c16cc-757f-40ca-975a-30165dab7be3.pdf","第四章","50","82","OCR待图核","235","","","0","本页无已关联题目；不等于知识点已覆盖"
"第四章/0. 设计开发/fb7c16cc-757f-40ca-975a-30165dab7be3.pdf","第四章","51","82","OCR待图核","184","软件构造","48、128、178","3","仅关键词候选，未逐题证实"
"第四章/0. 设计开发/fb7c16cc-757f-40ca-975a-30165dab7be3.pdf","第四章","52","82","OCR待图核","59","附件题目 · 基础知识","101、102、103、151、152、181","6","仅关键词候选，未逐题证实"
"第四章/0. 设计开发/fb7c16cc-757f-40ca-975a-30165dab7be3.pdf","第四章","53","82","OCR待图核","147","","","0","本页无已关联题目；不等于知识点已覆盖"
"第四章/0. 设计开发/fb7c16cc-757f-40ca-975a-30165dab7be3.pdf","第四章","54","82","OCR待图核","255","","","0","本页无已关联题目；不等于知识点已覆盖"
"第四章/0. 设计开发/fb7c16cc-757f-40ca-975a-30165dab7be3.pdf","第四章","55","82","OCR待图核","319","Ring AllReduce；附件题目 · 设计开发；附件题目 · 设计开发｜批量数据处理价值密度；附件题目 · 设计开发｜容器与虚拟机兼容性","346、354、355、356、357、366、367、368、369、370、372、376、378、392、393、404、405、406、408、418、426、427","22","仅关键词候选，未逐题证实"
"第四章/0. 设计开发/fb7c16cc-757f-40ca-975a-30165dab7be3.pdf","第四章","56","82","OCR待图核","654","附件题目 · 设计开发；附件题目 · 设计开发｜批量数据处理价值密度；附件题目 · 设计开发｜容器与虚拟机兼容性","354、355、356、357、366、367、368、369、370、372、376、378、392、393、404、405、406、408、418、426、427","21","仅关键词候选，未逐题证实"
"第四章/0. 设计开发/fb7c16cc-757f-40ca-975a-30165dab7be3.pdf","第四章","57","82","OCR待图核","548","","","0","本页无已关联题目；不等于知识点已覆盖"
"第四章/0. 设计开发/fb7c16cc-757f-40ca-975a-30165dab7be3.pdf","第四章","58","82","OCR待图核","779","软件开发生命周期；软件生命周期；Kafka 与 Elasticsearch","146、185、321、332、381、419","6","仅关键词候选，未逐题证实"
"第四章/0. 设计开发/fb7c16cc-757f-40ca-975a-30165dab7be3.pdf","第四章","59","82","OCR待图核","261","","","0","本页无已关联题目；不等于知识点已覆盖"
"第四章/0. 设计开发/fb7c16cc-757f-40ca-975a-30165dab7be3.pdf","第四章","60","82","OCR待图核","529","非功能需求；Kafka 与 Elasticsearch","282、302、318、321、332、381、419","7","仅关键词候选，未逐题证实"
"第四章/0. 设计开发/fb7c16cc-757f-40ca-975a-30165dab7be3.pdf","第四章","61","82","OCR待图核","127","","","0","本页无已关联题目；不等于知识点已覆盖"
"第四章/0. 设计开发/fb7c16cc-757f-40ca-975a-30165dab7be3.pdf","第四章","62","82","OCR待图核","302","附件题目 · 设计开发；附件题目 · 设计开发｜批量数据处理价值密度；附件题目 · 设计开发｜容器与虚拟机兼容性","354、355、356、357、366、367、368、369、370、372、376、378、392、393、404、405、406、408、418、426、427","21","仅关键词候选，未逐题证实"
"第四章/0. 设计开发/fb7c16cc-757f-40ca-975a-30165dab7be3.pdf","第四章","63","82","OCR待图核","263","","","0","本页无已关联题目；不等于知识点已覆盖"
"第四章/0. 设计开发/fb7c16cc-757f-40ca-975a-30165dab7be3.pdf","第四章","64","82","OCR待图核","476","附件题目 · 设计开发；附件题目 · 设计开发｜批量数据处理价值密度；附件题目 · 设计开发｜容器与虚拟机兼容性","354、355、356、357、366、367、368、369、370、372、376、378、392、393、404、405、406、408、418、426、427","21","仅关键词候选，未逐题证实"
"第四章/0. 设计开发/fb7c16cc-757f-40ca-975a-30165dab7be3.pdf","第四章","65","82","OCR待图核","459","Parquet 与 ORC 列式存储；附件题目 · 设计开发；附件题目 · 设计开发｜批量数据处理价值密度；附件题目 · 设计开发｜容器与虚拟机兼容性","228、354、355、356、357、366、367、368、369、370、372、376、378、392、393、404、405、406、408、418、426、427","22","仅关键词候选，未逐题证实"
"第四章/0. 设计开发/fb7c16cc-757f-40ca-975a-30165dab7be3.pdf","第四章","66","82","OCR待图核","333","优化算法 SGD 与 Adam","222","1","仅关键词候选，未逐题证实"
"第四章/0. 设计开发/fb7c16cc-757f-40ca-975a-30165dab7be3.pdf","第四章","67","82","OCR待图核","162","","","0","本页无已关联题目；不等于知识点已覆盖"
"第四章/0. 设计开发/fb7c16cc-757f-40ca-975a-30165dab7be3.pdf","第四章","68","82","OCR待图核","326","","","0","本页无已关联题目；不等于知识点已覆盖"
"第四章/0. 设计开发/fb7c16cc-757f-40ca-975a-30165dab7be3.pdf","第四章","69","82","OCR待图核","378","非功能需求","282、302、318","3","仅关键词候选，未逐题证实"
"第四章/0. 设计开发/fb7c16cc-757f-40ca-975a-30165dab7be3.pdf","第四章","70","82","OCR待图核","359","","","0","本页无已关联题目；不等于知识点已覆盖"
"第四章/0. 设计开发/fb7c16cc-757f-40ca-975a-30165dab7be3.pdf","第四章","71","82","OCR待图核","430","Kafka 与 Elasticsearch；附件题目 · 设计开发；附件题目 · 设计开发｜批量数据处理价值密度；附件题目 · 设计开发｜容器与虚拟机兼容性","321、332、354、355、356、357、366、367、368、369、370、372、376、378、381、392、393、404、405、406、408、418、419、426、427","25","仅关键词候选，未逐题证实"
"第四章/0. 设计开发/fb7c16cc-757f-40ca-975a-30165dab7be3.pdf","第四章","72","82","OCR待图核","54","附件题目 · 基础知识","101、102、103、151、152、181","6","仅关键词候选，未逐题证实"
"第四章/0. 设计开发/fb7c16cc-757f-40ca-975a-30165dab7be3.pdf","第四章","73","82","OCR待图核","372","Docker Compose、Helm 与 Serverless","322、333、382、420","4","仅关键词候选，未逐题证实"
"第四章/0. 设计开发/fb7c16cc-757f-40ca-975a-30165dab7be3.pdf","第四章","74","82","OCR待图核","661","Docker Compose、Helm 与 Serverless","322、333、382、420","4","仅关键词候选，未逐题证实"
"第四章/0. 设计开发/fb7c16cc-757f-40ca-975a-30165dab7be3.pdf","第四章","75","82","OCR待图核","331","MLOps 中的 CI、CD 与 CT；MLOps 的 CI/CD/CT","323、334、350、383、421","5","仅关键词候选，未逐题证实"
"第四章/0. 设计开发/fb7c16cc-757f-40ca-975a-30165dab7be3.pdf","第四章","76","82","OCR待图核","116","","","0","本页无已关联题目；不等于知识点已覆盖"
"第四章/0. 设计开发/fb7c16cc-757f-40ca-975a-30165dab7be3.pdf","第四章","77","82","OCR待图核","162","","","0","本页无已关联题目；不等于知识点已覆盖"
"第四章/0. 设计开发/fb7c16cc-757f-40ca-975a-30165dab7be3.pdf","第四章","78","82","OCR待图核","257","","","0","本页无已关联题目；不等于知识点已覆盖"
"第四章/0. 设计开发/fb7c16cc-757f-40ca-975a-30165dab7be3.pdf","第四章","79","82","OCR待图核","278","","","0","本页无已关联题目；不等于知识点已覆盖"
"第四章/0. 设计开发/fb7c16cc-757f-40ca-975a-30165dab7be3.pdf","第四章","80","82","OCR待图核","740","Docker Compose、Helm 与 Serverless；性能剖析工具","322、333、382、420、672","5","仅关键词候选，未逐题证实"
"第四章/0. 设计开发/fb7c16cc-757f-40ca-975a-30165dab7be3.pdf","第四章","81","82","OCR待图核","107","机器学习框架；机器学习框架的底层实现；机器学习框架接口；TensorFlow底层实现","207、240、247、275、279","5","仅关键词候选，未逐题证实"
"第四章/0. 设计开发/fb7c16cc-757f-40ca-975a-30165dab7be3.pdf","第四章","82","82","OCR待图核","131","","","0","本页无已关联题目；不等于知识点已覆盖"
"第四章/1. 基础/f1aeb205-36c2-4373-8579-c43f60ee063c.pdf","第四章","1","21","PDF文本层","262","附件题目 · 基础知识","101、102、103、151、152、181","6","仅关键词候选，未逐题证实"
"第四章/1. 基础/f1aeb205-36c2-4373-8579-c43f60ee063c.pdf","第四章","2","21","PDF文本层","407","","","0","本页无已关联题目；不等于知识点已覆盖"
"第四章/1. 基础/f1aeb205-36c2-4373-8579-c43f60ee063c.pdf","第四章","3","21","PDF文本层","433","","","0","本页无已关联题目；不等于知识点已覆盖"
"第四章/1. 基础/f1aeb205-36c2-4373-8579-c43f60ee063c.pdf","第四章","4","21","PDF文本层","572","","","0","本页无已关联题目；不等于知识点已覆盖"
"第四章/1. 基础/f1aeb205-36c2-4373-8579-c43f60ee063c.pdf","第四章","5","21","PDF文本层","522","","","0","本页无已关联题目；不等于知识点已覆盖"
"第四章/1. 基础/f1aeb205-36c2-4373-8579-c43f60ee063c.pdf","第四章","6","21","PDF文本层","702","","","0","本页无已关联题目；不等于知识点已覆盖"
"第四章/1. 基础/f1aeb205-36c2-4373-8579-c43f60ee063c.pdf","第四章","7","21","PDF文本层","493","TFX、Hugging Face 与 TensorRT","208、248","2","仅关键词候选，未逐题证实"
"第四章/1. 基础/f1aeb205-36c2-4373-8579-c43f60ee063c.pdf","第四章","8","21","PDF文本层","512","TFX、Hugging Face 与 TensorRT","208、248","2","仅关键词候选，未逐题证实"
"第四章/1. 基础/f1aeb205-36c2-4373-8579-c43f60ee063c.pdf","第四章","9","21","PDF文本层","452","","","0","本页无已关联题目；不等于知识点已覆盖"
"第四章/1. 基础/f1aeb205-36c2-4373-8579-c43f60ee063c.pdf","第四章","10","21","PDF文本层","643","","","0","本页无已关联题目；不等于知识点已覆盖"
"第四章/1. 基础/f1aeb205-36c2-4373-8579-c43f60ee063c.pdf","第四章","11","21","PDF文本层","347","","","0","本页无已关联题目；不等于知识点已覆盖"
"第四章/1. 基础/f1aeb205-36c2-4373-8579-c43f60ee063c.pdf","第四章","12","21","PDF文本层","446","","","0","本页无已关联题目；不等于知识点已覆盖"
"第四章/1. 基础/f1aeb205-36c2-4373-8579-c43f60ee063c.pdf","第四章","13","21","PDF文本层","392","","","0","本页无已关联题目；不等于知识点已覆盖"
"第四章/1. 基础/f1aeb205-36c2-4373-8579-c43f60ee063c.pdf","第四章","14","21","PDF文本层","325","","","0","本页无已关联题目；不等于知识点已覆盖"
"第四章/1. 基础/f1aeb205-36c2-4373-8579-c43f60ee063c.pdf","第四章","15","21","PDF文本层","322","","","0","本页无已关联题目；不等于知识点已覆盖"
"第四章/1. 基础/f1aeb205-36c2-4373-8579-c43f60ee063c.pdf","第四章","16","21","PDF文本层","376","","","0","本页无已关联题目；不等于知识点已覆盖"
"第四章/1. 基础/f1aeb205-36c2-4373-8579-c43f60ee063c.pdf","第四章","17","21","PDF文本层","601","","","0","本页无已关联题目；不等于知识点已覆盖"
"第四章/1. 基础/f1aeb205-36c2-4373-8579-c43f60ee063c.pdf","第四章","18","21","PDF文本层","424","","","0","本页无已关联题目；不等于知识点已覆盖"
"第四章/1. 基础/f1aeb205-36c2-4373-8579-c43f60ee063c.pdf","第四章","19","21","PDF文本层","559","Ring AllReduce","346","1","仅关键词候选，未逐题证实"
"第四章/1. 基础/f1aeb205-36c2-4373-8579-c43f60ee063c.pdf","第四章","20","21","PDF文本层","559","Ring AllReduce","346","1","仅关键词候选，未逐题证实"
"第四章/1. 基础/f1aeb205-36c2-4373-8579-c43f60ee063c.pdf","第四章","21","21","PDF文本层","607","附件题目 · 基础知识","101、102、103、151、152、181","6","仅关键词候选，未逐题证实"
"第四章/2. 线性回归/a174a1c1-9ee5-4879-9d0b-c57b91e1f37f.pdf","第四章","1","12","PDF文本层","696","AI 测试覆盖","469","1","仅关键词候选，未逐题证实"
"第四章/2. 线性回归/a174a1c1-9ee5-4879-9d0b-c57b91e1f37f.pdf","第四章","2","12","PDF文本层","665","","","0","本页无已关联题目；不等于知识点已覆盖"
"第四章/2. 线性回归/a174a1c1-9ee5-4879-9d0b-c57b91e1f37f.pdf","第四章","3","12","PDF文本层","661","","","0","本页无已关联题目；不等于知识点已覆盖"
"第四章/2. 线性回归/a174a1c1-9ee5-4879-9d0b-c57b91e1f37f.pdf","第四章","4","12","PDF文本层","642","","","0","本页无已关联题目；不等于知识点已覆盖"
"第四章/2. 线性回归/a174a1c1-9ee5-4879-9d0b-c57b91e1f37f.pdf","第四章","5","12","PDF文本层","590","","","0","本页无已关联题目；不等于知识点已覆盖"
"第四章/2. 线性回归/a174a1c1-9ee5-4879-9d0b-c57b91e1f37f.pdf","第四章","6","12","PDF文本层","449","","","0","本页无已关联题目；不等于知识点已覆盖"
"第四章/2. 线性回归/a174a1c1-9ee5-4879-9d0b-c57b91e1f37f.pdf","第四章","7","12","PDF文本层","965","","","0","本页无已关联题目；不等于知识点已覆盖"
"第四章/2. 线性回归/a174a1c1-9ee5-4879-9d0b-c57b91e1f37f.pdf","第四章","8","12","PDF文本层","836","数据集分割、平衡与增强","44、124、174","3","仅关键词候选，未逐题证实"
"第四章/2. 线性回归/a174a1c1-9ee5-4879-9d0b-c57b91e1f37f.pdf","第四章","9","12","PDF文本层","770","硬件性能指标；AI 测试覆盖","149、274、469","3","仅关键词候选，未逐题证实"
"第四章/2. 线性回归/a174a1c1-9ee5-4879-9d0b-c57b91e1f37f.pdf","第四章","10","12","PDF文本层","525","优化算法 SGD 与 Adam","222","1","仅关键词候选，未逐题证实"
"第四章/2. 线性回归/a174a1c1-9ee5-4879-9d0b-c57b91e1f37f.pdf","第四章","11","12","PDF文本层","733","","","0","本页无已关联题目；不等于知识点已覆盖"
"第四章/2. 线性回归/a174a1c1-9ee5-4879-9d0b-c57b91e1f37f.pdf","第四章","12","12","PDF文本层","242","","","0","本页无已关联题目；不等于知识点已覆盖"
"第四章/2. 线性回归/b0177bb0-d6cb-4cfc-b450-e34b481c84a5.pdf","第四章","1","6","PDF文本层","559","功能需求","281、301、314","3","仅关键词候选，未逐题证实"
"第四章/2. 线性回归/b0177bb0-d6cb-4cfc-b450-e34b481c84a5.pdf","第四章","2","6","PDF文本层","619","","","0","本页无已关联题目；不等于知识点已覆盖"
"第四章/2. 线性回归/b0177bb0-d6cb-4cfc-b450-e34b481c84a5.pdf","第四章","3","6","PDF文本层","523","AI 计算平台硬件性能","55、135","2","仅关键词候选，未逐题证实"
"第四章/2. 线性回归/b0177bb0-d6cb-4cfc-b450-e34b481c84a5.pdf","第四章","4","6","PDF文本层","845","","","0","本页无已关联题目；不等于知识点已覆盖"
"第四章/2. 线性回归/b0177bb0-d6cb-4cfc-b450-e34b481c84a5.pdf","第四章","5","6","PDF文本层","1266","硬件性能指标；AI 测试覆盖","149、274、469","3","仅关键词候选，未逐题证实"
"第四章/2. 线性回归/b0177bb0-d6cb-4cfc-b450-e34b481c84a5.pdf","第四章","6","6","PDF文本层","930","数据清洗；数据清洗目标；MLOps 中的 CI、CD 与 CT","42、122、172、192、323、334、383、421","8","仅关键词候选，未逐题证实"
"第四章/3. 逻辑回归/da87d52b-20ca-475b-94f3-27a709655da5.pdf","第四章","1","5","PDF文本层","661","数据清洗；数据清洗目标；机器学习框架；机器学习框架接口","42、122、172、192、207、247、275","7","仅关键词候选，未逐题证实"
"第四章/3. 逻辑回归/da87d52b-20ca-475b-94f3-27a709655da5.pdf","第四章","2","5","PDF文本层","869","","","0","本页无已关联题目；不等于知识点已覆盖"
"第四章/3. 逻辑回归/da87d52b-20ca-475b-94f3-27a709655da5.pdf","第四章","3","5","PDF文本层","838","","","0","本页无已关联题目；不等于知识点已覆盖"
"第四章/3. 逻辑回归/da87d52b-20ca-475b-94f3-27a709655da5.pdf","第四章","4","5","PDF文本层","1293","ROC 曲线与 AUC","219","1","仅关键词候选，未逐题证实"
"第四章/3. 逻辑回归/da87d52b-20ca-475b-94f3-27a709655da5.pdf","第四章","5","5","PDF文本层","813","数据清洗；数据清洗目标；机器学习框架；机器学习框架接口；功能需求","42、122、172、192、207、247、275、281、301、314","10","仅关键词候选，未逐题证实"
"第四章/4. 数据科学分析/response.pdf","第四章","1","33","PDF文本层","695","","","0","本页无已关联题目；不等于知识点已覆盖"
"第四章/4. 数据科学分析/response.pdf","第四章","2","33","PDF文本层","631","","","0","本页无已关联题目；不等于知识点已覆盖"
"第四章/4. 数据科学分析/response.pdf","第四章","3","33","PDF文本层","924","","","0","本页无已关联题目；不等于知识点已覆盖"
"第四章/4. 数据科学分析/response.pdf","第四章","4","33","PDF文本层","552","","","0","本页无已关联题目；不等于知识点已覆盖"
"第四章/4. 数据科学分析/response.pdf","第四章","5","33","PDF文本层","770","Ring AllReduce","346","1","仅关键词候选，未逐题证实"
"第四章/4. 数据科学分析/response.pdf","第四章","6","33","PDF文本层","802","","","0","本页无已关联题目；不等于知识点已覆盖"
"第四章/4. 数据科学分析/response.pdf","第四章","7","33","PDF文本层","748","Ring AllReduce","346","1","仅关键词候选，未逐题证实"
"第四章/4. 数据科学分析/response.pdf","第四章","8","33","PDF文本层","423","","","0","本页无已关联题目；不等于知识点已覆盖"
"第四章/4. 数据科学分析/response.pdf","第四章","9","33","PDF文本层","344","","","0","本页无已关联题目；不等于知识点已覆盖"
"第四章/4. 数据科学分析/response.pdf","第四章","10","33","PDF文本层","525","","","0","本页无已关联题目；不等于知识点已覆盖"
"第四章/4. 数据科学分析/response.pdf","第四章","11","33","PDF文本层","527","","","0","本页无已关联题目；不等于知识点已覆盖"
"第四章/4. 数据科学分析/response.pdf","第四章","12","33","PDF文本层","671","","","0","本页无已关联题目；不等于知识点已覆盖"
"第四章/4. 数据科学分析/response.pdf","第四章","13","33","PDF文本层","896","","","0","本页无已关联题目；不等于知识点已覆盖"
"第四章/4. 数据科学分析/response.pdf","第四章","14","33","PDF文本层","364","","","0","本页无已关联题目；不等于知识点已覆盖"
"第四章/4. 数据科学分析/response.pdf","第四章","15","33","PDF文本层","663","","","0","本页无已关联题目；不等于知识点已覆盖"
"第四章/4. 数据科学分析/response.pdf","第四章","16","33","PDF文本层","847","","","0","本页无已关联题目；不等于知识点已覆盖"
"第四章/4. 数据科学分析/response.pdf","第四章","17","33","PDF文本层","430","","","0","本页无已关联题目；不等于知识点已覆盖"
"第四章/4. 数据科学分析/response.pdf","第四章","18","33","PDF文本层","605","","","0","本页无已关联题目；不等于知识点已覆盖"
"第四章/4. 数据科学分析/response.pdf","第四章","19","33","PDF文本层","869","","","0","本页无已关联题目；不等于知识点已覆盖"
"第四章/4. 数据科学分析/response.pdf","第四章","20","33","PDF文本层","716","","","0","本页无已关联题目；不等于知识点已覆盖"
"第四章/4. 数据科学分析/response.pdf","第四章","21","33","PDF文本层","853","","","0","本页无已关联题目；不等于知识点已覆盖"
"第四章/4. 数据科学分析/response.pdf","第四章","22","33","PDF文本层","764","RPO 与 RTO","645、697、712、720、725、773","6","仅关键词候选，未逐题证实"
"第四章/4. 数据科学分析/response.pdf","第四章","23","33","PDF文本层","540","","","0","本页无已关联题目；不等于知识点已覆盖"
"第四章/4. 数据科学分析/response.pdf","第四章","24","33","PDF文本层","639","","","0","本页无已关联题目；不等于知识点已覆盖"
"第四章/4. 数据科学分析/response.pdf","第四章","25","33","PDF文本层","577","数据清洗；数据清洗目标","42、122、172、192","4","仅关键词候选，未逐题证实"
"第四章/4. 数据科学分析/response.pdf","第四章","26","33","PDF文本层","835","","","0","本页无已关联题目；不等于知识点已覆盖"
"第四章/4. 数据科学分析/response.pdf","第四章","27","33","PDF文本层","1146","MLOps 中的 CI、CD 与 CT；MLOps 的 CI/CD/CT","323、334、350、383、421","5","仅关键词候选，未逐题证实"
"第四章/4. 数据科学分析/response.pdf","第四章","28","33","PDF文本层","1139","MLOps 中的 CI、CD 与 CT；MLOps 的 CI/CD/CT","323、334、350、383、421","5","仅关键词候选，未逐题证实"
"第四章/4. 数据科学分析/response.pdf","第四章","29","33","PDF文本层","748","","","0","本页无已关联题目；不等于知识点已覆盖"
"第四章/4. 数据科学分析/response.pdf","第四章","30","33","PDF文本层","869","","","0","本页无已关联题目；不等于知识点已覆盖"
"第四章/4. 数据科学分析/response.pdf","第四章","31","33","PDF文本层","679","","","0","本页无已关联题目；不等于知识点已覆盖"
"第四章/4. 数据科学分析/response.pdf","第四章","32","33","PDF文本层","827","数据预处理与防泄漏；硬件性能指标","145、149、274","3","仅关键词候选，未逐题证实"
"第四章/4. 数据科学分析/response.pdf","第四章","33","33","PDF文本层","787","","","0","本页无已关联题目；不等于知识点已覆盖"
"第四章/5. 电商项目分析/7bb4f3e0-97e9-44d9-9775-475cb55acbfc.pdf","第四章","1","13","PDF文本层","1013","","","0","本页无已关联题目；不等于知识点已覆盖"
"第四章/5. 电商项目分析/7bb4f3e0-97e9-44d9-9775-475cb55acbfc.pdf","第四章","2","13","PDF文本层","976","","","0","本页无已关联题目；不等于知识点已覆盖"
"第四章/5. 电商项目分析/7bb4f3e0-97e9-44d9-9775-475cb55acbfc.pdf","第四章","3","13","PDF文本层","961","","","0","本页无已关联题目；不等于知识点已覆盖"
"第四章/5. 电商项目分析/7bb4f3e0-97e9-44d9-9775-475cb55acbfc.pdf","第四章","4","13","PDF文本层","1128","","","0","本页无已关联题目；不等于知识点已覆盖"
"第四章/5. 电商项目分析/7bb4f3e0-97e9-44d9-9775-475cb55acbfc.pdf","第四章","5","13","PDF文本层","1521","","","0","本页无已关联题目；不等于知识点已覆盖"
"第四章/5. 电商项目分析/7bb4f3e0-97e9-44d9-9775-475cb55acbfc.pdf","第四章","6","13","PDF文本层","1308","","","0","本页无已关联题目；不等于知识点已覆盖"
"第四章/5. 电商项目分析/7bb4f3e0-97e9-44d9-9775-475cb55acbfc.pdf","第四章","7","13","PDF文本层","1281","","","0","本页无已关联题目；不等于知识点已覆盖"
"第四章/5. 电商项目分析/7bb4f3e0-97e9-44d9-9775-475cb55acbfc.pdf","第四章","8","13","PDF文本层","1166","","","0","本页无已关联题目；不等于知识点已覆盖"
"第四章/5. 电商项目分析/7bb4f3e0-97e9-44d9-9775-475cb55acbfc.pdf","第四章","9","13","PDF文本层","1202","","","0","本页无已关联题目；不等于知识点已覆盖"
"第四章/5. 电商项目分析/7bb4f3e0-97e9-44d9-9775-475cb55acbfc.pdf","第四章","10","13","PDF文本层","1151","安全测试","470","1","仅关键词候选，未逐题证实"
"第四章/5. 电商项目分析/7bb4f3e0-97e9-44d9-9775-475cb55acbfc.pdf","第四章","11","13","PDF文本层","860","","","0","本页无已关联题目；不等于知识点已覆盖"
"第四章/5. 电商项目分析/7bb4f3e0-97e9-44d9-9775-475cb55acbfc.pdf","第四章","12","13","PDF文本层","945","","","0","本页无已关联题目；不等于知识点已覆盖"
"第四章/5. 电商项目分析/7bb4f3e0-97e9-44d9-9775-475cb55acbfc.pdf","第四章","13","13","PDF文本层","859","","","0","本页无已关联题目；不等于知识点已覆盖"
"第四章/6. 股价预测/183bec1c-106b-46a4-8a3d-a238d52fe43d.pdf","第四章","1","7","PDF文本层","1374","深度学习；机器学习框架；优化算法 SGD 与 Adam；机器学习框架接口；功能需求；时序窗口的因果方向；时间序列评估切分","203、207、222、243、247、268、275、281、301、314、371、417","12","已定位依据题：371、417；另有关键词候选题：203、207、222、243、247、268、275、281、301、314"
"第四章/6. 股价预测/183bec1c-106b-46a4-8a3d-a238d52fe43d.pdf","第四章","2","7","PDF文本层","2815","数据清洗；数据清洗目标；机器学习框架；机器学习框架接口","42、122、172、192、207、247、275","7","仅关键词候选，未逐题证实"
"第四章/6. 股价预测/183bec1c-106b-46a4-8a3d-a238d52fe43d.pdf","第四章","3","7","PDF文本层","1602","机器学习框架；优化算法 SGD 与 Adam；机器学习框架的底层实现；附件题目 · 共性技术｜TensorFlow与PyTorch计算图；机器学习框架接口；TensorFlow底层实现","207、222、240、247、273、275、279","7","仅关键词候选，未逐题证实"
"第四章/6. 股价预测/183bec1c-106b-46a4-8a3d-a238d52fe43d.pdf","第四章","4","7","PDF文本层","1962","机器学习框架；优化算法 SGD 与 Adam；机器学习框架的底层实现；附件题目 · 共性技术｜TensorFlow与PyTorch计算图；机器学习框架接口；TensorFlow底层实现","207、222、240、247、273、275、279","7","仅关键词候选，未逐题证实"
"第四章/6. 股价预测/183bec1c-106b-46a4-8a3d-a238d52fe43d.pdf","第四章","5","7","PDF文本层","2216","机器学习框架；优化算法 SGD 与 Adam；机器学习框架接口","207、222、247、275","4","仅关键词候选，未逐题证实"
"第四章/6. 股价预测/183bec1c-106b-46a4-8a3d-a238d52fe43d.pdf","第四章","6","7","PDF文本层","2385","机器学习框架；人工智能芯片；优化算法 SGD 与 Adam；机器学习框架接口；CUDA 数值计算库","207、214、222、247、275、344","6","仅关键词候选，未逐题证实"
"第四章/6. 股价预测/183bec1c-106b-46a4-8a3d-a238d52fe43d.pdf","第四章","7","7","PDF文本层","995","分阶段验收","558","1","仅关键词候选，未逐题证实"
